{"stats":{"minecraft:killed_by":{"minecraft:spider":2},"minecraft:broken":{"minecraft:stone_pickaxe":1},"minecraft:mined":{"minecraft:white_bed":1,"minecraft:crafting_table":3,"minecraft:torch":2,"minecraft:grass_block":24,"minecraft:tall_grass":11,"farmersdelight:tomatoes":2,"minecraft:oak_planks":6,"minecraft:wall_torch":3,"minecraft:carrots":84,"minecraft:birch_log":12,"minecraft:wheat":15,"minecraft:birch_leaves":1,"minecraft:grass":74,"minecraft:oak_log":27,"minecraft:potatoes":6,"minecraft:coal_ore":63,"minecraft:sand":6,"minecraft:dirt":17,"minecraft:stone":116,"minecraft:oak_leaves":3},"minecraft:picked_up":{"minecraft:birch_log":12,"minecraft:wheat":12,"minecraft:crafting_table":3,"minecraft:feather":5,"minecraft:potato":11,"minecraft:oak_log":27,"minecraft:dirt":40,"farmersdelight:tomato":2,"minecraft:string":2,"minecraft:bone":1,"minecraft:apple":1,"minecraft:wheat_seeds":44,"minecraft:chest":1,"minecraft:oak_planks":6,"minecraft:stick":7,"minecraft:torch":5,"minecraft:sand":6,"farmersdelight:tomato_seeds":2,"mowziesmobs:barakoa_mask_bliss":1,"minecraft:grass_block":1,"minecraft:white_bed":1,"minecraft:carrot":220,"minecraft:arrow":1,"minecraft:rotten_flesh":1,"alexsmobs:maggot":2,"minecraft:oak_sapling":3,"minecraft:mutton":1,"minecraft:coal":62,"exoticbirds:raw_birdmeat":5,"minecraft:white_wool":1,"minecraft:cobblestone":109},"minecraft:crafted":{"minecraft:oak_planks":44,"minecraft:iron_helmet":1,"minecraft:wooden_pickaxe":1,"minecraft:iron_sword":1,"minecraft:birch_planks":48,"minecraft:stone_axe":1,"minecraft:cooked_mutton":4,"minecraft:iron_boots":1,"minecraft:iron_chestplate":1,"minecraft:wooden_hoe":1,"minecraft:stick":24,"minecraft:iron_ingot":9,"minecraft:iron_pickaxe":1,"minecraft:stone_pickaxe":1,"minecraft:stone_sword":1,"minecraft:chest":2,"exoticbirds:cooked_birdmeat":6,"minecraft:iron_leggings":1,"minecraft:birch_door":3,"minecraft:torch":32},"minecraft:killed":{"mowziesmobs:barakoan_barakoana":4,"minecraft:husk":2,"alexsmobs:guster":1,"minecraft:spider":4,"exoticbirds:ostrich":1,"minecraft:creeper":1,"minecraft:sheep":1,"minecraft:skeleton":2,"minecraft:zombie":5,"alexsmobs:fly":1},"minecraft:used":{"minecraft:cooked_mutton":1,"minecraft:wheat_seeds":35,"minecraft:stone_sword":81,"minecraft:birch_planks":8,"minecraft:stone_pickaxe":133,"minecraft:oak_planks":28,"minecraft:chest":2,"minecraft:wooden_pickaxe":32,"minecraft:rotten_flesh":1,"minecraft:white_wool":1,"minecraft:torch":14,"minecraft:dirt":27,"minecraft:crafting_table":2,"minecraft:carrot":89,"minecraft:white_bed":1,"minecraft:birch_door":2,"minecraft:wooden_hoe":40,"farmersdelight:tomato":2,"minecraft:grass_block":1,"minecraft:bread":10,"minecraft:iron_pickaxe":17,"minecraft:stone_axe":71,"exoticbirds:cooked_birdmeat":6,"minecraft:oak_sapling":3,"minecraft:furnace":2,"alexsmobs:animal_dictionary":1,"minecraft:potato":6,"farmersdelight:tomato_seeds":2},"minecraft:custom":{"minecraft:interact_with_furnace":21,"minecraft:mob_kills":21,"minecraft:interact_with_crafting_table":22,"minecraft:play_one_minute":81971,"minecraft:leave_game":1,"minecraft:time_since_death":7540,"minecraft:sleep_in_bed":2,"minecraft:time_since_rest":7565,"minecraft:sprint_one_cm":132789,"minecraft:damage_taken":1211,"minecraft:walk_one_cm":213476,"minecraft:damage_dealt":4328,"minecraft:swim_one_cm":4811,"minecraft:fly_one_cm":209197,"minecraft:open_chest":26,"minecraft:crouch_one_cm":182,"minecraft:deaths":2,"minecraft:sneak_time":207,"minecraft:walk_under_water_one_cm":1334,"minecraft:jump":805,"minecraft:walk_on_water_one_cm":4029,"minecraft:fall_one_cm":16498}},"DataVersion":2586}