{"stats":{"minecraft:custom":{"minecraft:time_since_rest":6981,"minecraft:interact_with_furnace":12,"minecraft:sprint_one_cm":56153,"minecraft:damage_taken":340,"minecraft:walk_one_cm":60195,"minecraft:mob_kills":9,"minecraft:damage_dealt":2584,"minecraft:interact_with_crafting_table":10,"minecraft:swim_one_cm":777,"minecraft:fly_one_cm":58606,"minecraft:crouch_one_cm":157,"minecraft:open_chest":4,"minecraft:play_one_minute":19184,"minecraft:sneak_time":90,"minecraft:walk_under_water_one_cm":246,"minecraft:jump":282,"minecraft:time_since_death":19184,"minecraft:walk_on_water_one_cm":1507,"minecraft:sleep_in_bed":1,"minecraft:fall_one_cm":4927},"minecraft:mined":{"minecraft:white_bed":1,"minecraft:birch_log":12,"minecraft:birch_leaves":1,"minecraft:crafting_table":3,"minecraft:grass":6,"minecraft:oak_log":5,"minecraft:coal_ore":19,"minecraft:dirt":1,"minecraft:stone":37,"minecraft:oak_leaves":3,"minecraft:wall_torch":2},"minecraft:used":{"minecraft:cooked_mutton":1,"minecraft:stone_sword":37,"minecraft:stone_pickaxe":26,"minecraft:oak_planks":2,"minecraft:chest":2,"minecraft:wooden_pickaxe":32,"minecraft:stone_axe":27,"minecraft:torch":2,"minecraft:white_wool":1,"exoticbirds:cooked_birdmeat":5,"minecraft:crafting_table":2,"minecraft:oak_sapling":3,"minecraft:white_bed":1,"alexsmobs:animal_dictionary":1},"minecraft:picked_up":{"minecraft:birch_log":12,"minecraft:stick":4,"minecraft:crafting_table":3,"minecraft:feather":5,"minecraft:torch":2,"minecraft:oak_log":5,"minecraft:white_bed":1,"minecraft:bone":1,"minecraft:arrow":1,"minecraft:rotten_flesh":1,"minecraft:oak_sapling":3,"minecraft:chest":1,"minecraft:mutton":1,"minecraft:coal":18,"exoticbirds:raw_birdmeat":5,"minecraft:white_wool":1,"minecraft:cobblestone":30},"minecraft:crafted":{"minecraft:oak_planks":20,"minecraft:stick":24,"minecraft:iron_ingot":1,"minecraft:wooden_pickaxe":1,"minecraft:stone_pickaxe":1,"minecraft:stone_sword":1,"minecraft:chest":2,"exoticbirds:cooked_birdmeat":5,"minecraft:birch_planks":20,"minecraft:stone_axe":1,"minecraft:cooked_mutton":1},"minecraft:killed":{"minecraft:skeleton":1,"minecraft:sheep":1,"minecraft:husk":1,"minecraft:zombie":4,"minecraft:spider":2,"exoticbirds:ostrich":1}},"DataVersion":2586}