{"stats":{"minecraft:custom":{"minecraft:mob_kills":45,"minecraft:interact_with_crafting_table":36,"minecraft:leave_game":2,"minecraft:time_since_death":28108,"minecraft:sprint_one_cm":268242,"minecraft:walk_one_cm":408416,"minecraft:drop":3,"minecraft:deaths":14,"minecraft:sneak_time":463,"minecraft:walk_under_water_one_cm":2923,"minecraft:jump":1853,"minecraft:walk_on_water_one_cm":14849,"minecraft:interact_with_furnace":49,"minecraft:play_one_minute":149159,"minecraft:sleep_in_bed":2,"minecraft:time_since_rest":28134,"minecraft:damage_taken":5166,"minecraft:damage_dealt":9990,"minecraft:swim_one_cm":5569,"minecraft:fly_one_cm":415490,"minecraft:player_kills":2,"minecraft:open_chest":38,"minecraft:crouch_one_cm":1194,"minecraft:fall_one_cm":33814},"minecraft:broken":{"minecraft:iron_boots":1,"minecraft:iron_chestplate":1,"minecraft:iron_leggings":1,"minecraft:stone_pickaxe":1,"minecraft:stone_axe":1,"minecraft:iron_helmet":1,"mowziesmobs:barakoa_mask_bliss":1},"minecraft:picked_up":{"minecraft:crafting_table":3,"minecraft:wheat":12,"minecraft:string":5,"alexsmobs:emu_feather":1,"minecraft:beef":1,"minecraft:chest":1,"minecraft:stick":7,"minecraft:oak_door":1,"minecraft:torch":10,"farmersdelight:tomato_seeds":12,"minecraft:carrot":220,"additionalguns:magnum":1,"minecraft:arrow":4,"minecraft:rotten_flesh":6,"minecraft:mutton":1,"exoticbirds:raw_birdmeat":12,"minecraft:white_wool":1,"minecraft:cobblestone":242,"minecraft:birch_log":12,"minecraft:feather":7,"minecraft:andesite":2,"minecraft:leather":2,"minecraft:potato":11,"minecraft:oak_log":54,"minecraft:yellow_bed":1,"farmersdelight:tomato":4,"minecraft:dirt":54,"minecraft:bone":2,"minecraft:apple":1,"minecraft:wheat_seeds":49,"alexsmobs:cockroach_wing_fragment":1,"minecraft:iron_ore":35,"minecraft:oak_planks":16,"minecraft:gravel":1,"minecraft:sand":17,"mowziesmobs:barakoa_mask_bliss":1,"minecraft:white_bed":2,"minecraft:grass_block":1,"dead_guys_untitled_deep_dark_:cold_sculk_prairie":3,"minecraft:spider_eye":1,"alexsmobs:maggot":4,"minecraft:oak_sapling":4,"minecraft:coal":82,"cgm:workbench":1,"minecraft:ender_pearl":1},"minecraft:dropped":{"alexsmobs:emu_feather":1,"alexsmobs:maggot":2,"alexsmobs:cockroach_wing_fragment":1},"minecraft:mined":{"minecraft:white_bed":2,"minecraft:oak_door":1,"minecraft:grass_block":24,"farmersdelight:tomatoes":2,"cgm:workbench":1,"minecraft:carrots":84,"minecraft:iron_ore":35,"minecraft:andesite":3,"minecraft:potatoes":6,"minecraft:stone":233,"dead_guys_untitled_deep_dark_:cold_sculk":2,"minecraft:dandelion":1,"minecraft:crafting_table":3,"minecraft:torch":5,"minecraft:tall_grass":16,"minecraft:cobblestone":14,"farmersdelight:wild_tomatoes":10,"minecraft:oak_planks":15,"minecraft:wall_torch":4,"minecraft:birch_log":12,"minecraft:wheat":15,"minecraft:birch_leaves":1,"minecraft:yellow_bed":1,"minecraft:grass":103,"minecraft:coal_ore":83,"minecraft:oak_log":54,"minecraft:gravel":1,"minecraft:sand":9,"minecraft:dirt":20,"minecraft:oak_leaves":6},"minecraft:crafted":{"minecraft:oak_door":3,"minecraft:oak_planks":216,"minecraft:iron_nugget":45,"minecraft:furnace":2,"minecraft:cobblestone_stairs":4,"minecraft:cooked_mutton":4,"minecraft:terracotta":1,"minecraft:glass":8,"minecraft:iron_boots":1,"minecraft:stone_pickaxe":1,"minecraft:chest":4,"minecraft:birch_door":3,"minecraft:stone_hoe":1,"minecraft:wooden_pickaxe":1,"minecraft:iron_helmet":1,"minecraft:iron_sword":1,"minecraft:bucket":1,"minecraft:birch_planks":48,"minecraft:stone_axe":1,"minecraft:bread":3,"minecraft:iron_chestplate":1,"minecraft:wooden_hoe":1,"minecraft:gold_nugget":27,"minecraft:stick":56,"minecraft:iron_pickaxe":1,"minecraft:iron_ingot":43,"minecraft:stone_sword":1,"minecraft:iron_leggings":1,"exoticbirds:cooked_birdmeat":6,"minecraft:gold_ingot":3,"minecraft:torch":60},"minecraft:used":{"minecraft:stone_sword":81,"minecraft:chest":4,"minecraft:iron_sword":181,"minecraft:rotten_flesh":1,"minecraft:oak_door":2,"minecraft:torch":70,"minecraft:dirt":36,"cgm:workbench":1,"minecraft:carrot":118,"minecraft:birch_door":2,"minecraft:glass":8,"farmersdelight:tomato":2,"minecraft:grass_block":1,"minecraft:furnace":4,"minecraft:oak_sapling":4,"minecraft:potato":6,"farmersdelight:tomato_seeds":2,"minecraft:wheat_seeds":35,"minecraft:cooked_mutton":3,"minecraft:cobblestone_stairs":3,"minecraft:birch_planks":8,"minecraft:stone_pickaxe":133,"minecraft:oak_planks":112,"minecraft:wooden_pickaxe":32,"minecraft:white_wool":1,"minecraft:sand":3,"minecraft:crafting_table":3,"minecraft:white_bed":2,"minecraft:wooden_hoe":40,"minecraft:bread":10,"minecraft:iron_pickaxe":212,"minecraft:stone_axe":106,"exoticbirds:cooked_birdmeat":6,"minecraft:cobblestone":151,"alexsmobs:animal_dictionary":1},"minecraft:killed_by":{"minecraft:player":9,"minecraft:creeper":1,"minecraft:spider":2,"minecraft:skeleton":1,"minecraft:zombie":1},"minecraft:killed":{"mowziesmobs:barakoan_barakoana":4,"exoticbirds:pelican":2,"alexsmobs:raccoon":1,"minecraft:spider":8,"exoticbirds:roadrunner":1,"minecraft:skeleton":4,"minecraft:husk":3,"alexsmobs:guster":1,"exoticbirds:ostrich":1,"minecraft:creeper":3,"alexsmobs:emu":1,"minecraft:sheep":1,"minecraft:trader_llama":1,"alexsmobs:cockroach":1,"minecraft:zombie":9,"alexsmobs:fly":2,"minecraft:cow":2}},"DataVersion":2586}