{"stats":{"minecraft:custom":{"minecraft:mob_kills":46,"minecraft:interact_with_crafting_table":36,"minecraft:leave_game":3,"minecraft:time_since_death":48421,"minecraft:climb_one_cm":7080,"minecraft:sprint_one_cm":311100,"minecraft:walk_one_cm":483917,"minecraft:drop":5,"minecraft:talked_to_villager":1,"minecraft:deaths":14,"minecraft:sneak_time":553,"minecraft:walk_under_water_one_cm":3856,"minecraft:boat_one_cm":12509,"minecraft:jump":2075,"minecraft:walk_on_water_one_cm":17178,"minecraft:interact_with_furnace":52,"minecraft:play_one_minute":169472,"minecraft:sleep_in_bed":2,"minecraft:time_since_rest":48447,"minecraft:damage_taken":5488,"minecraft:damage_dealt":10272,"minecraft:swim_one_cm":35285,"minecraft:fly_one_cm":450232,"minecraft:player_kills":2,"minecraft:open_chest":66,"minecraft:crouch_one_cm":1355,"minecraft:fall_one_cm":39627},"minecraft:broken":{"minecraft:iron_boots":1,"minecraft:iron_chestplate":1,"minecraft:iron_leggings":1,"minecraft:stone_pickaxe":1,"minecraft:stone_axe":1,"minecraft:iron_helmet":1,"mowziesmobs:barakoa_mask_bliss":1},"minecraft:picked_up":{"minecraft:charcoal":2,"minecraft:crafting_table":3,"minecraft:wheat":15,"minecraft:string":5,"minecraft:item_frame":1,"minecraft:beetroot":7,"alexsmobs:emu_feather":1,"minecraft:beef":1,"minecraft:cobblestone_slab":2,"minecraft:chest":1,"minecraft:sandstone":1,"minecraft:stick":7,"minecraft:oak_door":1,"minecraft:torch":10,"farmersdelight:tomato_seeds":20,"minecraft:carrot":254,"minecraft:yellow_banner":1,"additionalguns:magnum":1,"minecraft:arrow":6,"minecraft:rotten_flesh":6,"minecraft:beetroot_seeds":25,"minecraft:iron_block":1,"minecraft:mutton":1,"exoticbirds:raw_birdmeat":12,"minecraft:white_wool":1,"minecraft:cobblestone":242,"minecraft:birch_log":12,"minecraft:feather":7,"minecraft:andesite":2,"minecraft:leather":2,"minecraft:potato":38,"minecraft:oak_log":54,"minecraft:yellow_bed":1,"farmersdelight:tomato":4,"minecraft:dirt":62,"farmersdelight:organic_compost":1,"minecraft:bone":3,"minecraft:apple":1,"minecraft:wheat_seeds":63,"alexsmobs:cockroach_wing_fragment":1,"minecraft:iron_ore":35,"minecraft:oak_planks":16,"minecraft:gravel":1,"minecraft:sand":17,"mowziesmobs:barakoa_mask_bliss":1,"minecraft:white_bed":2,"minecraft:grass_block":1,"dead_guys_untitled_deep_dark_:cold_sculk_prairie":3,"minecraft:spider_eye":1,"alexsmobs:maggot":4,"minecraft:oak_sapling":4,"minecraft:melon_seeds":1,"minecraft:coal":82,"cgm:workbench":1,"minecraft:ender_pearl":1},"minecraft:dropped":{"alexsmobs:emu_feather":1,"alexsmobs:maggot":2,"alexsmobs:cockroach_wing_fragment":1,"minecraft:charcoal":2},"minecraft:mined":{"minecraft:yellow_wall_banner":1,"minecraft:white_bed":2,"minecraft:farmland":1,"minecraft:oak_door":1,"minecraft:grass_block":31,"farmersdelight:tomatoes":10,"cgm:workbench":1,"minecraft:carrots":93,"minecraft:iron_ore":35,"minecraft:andesite":3,"minecraft:potatoes":13,"minecraft:cobblestone_slab":2,"minecraft:stone":233,"minecraft:iron_block":1,"dead_guys_untitled_deep_dark_:cold_sculk":2,"farmersdelight:organic_compost":1,"minecraft:melon_stem":1,"minecraft:dandelion":1,"minecraft:crafting_table":3,"minecraft:torch":5,"minecraft:tall_grass":19,"minecraft:cobblestone":14,"farmersdelight:wild_tomatoes":10,"minecraft:oak_planks":15,"minecraft:wall_torch":4,"minecraft:birch_log":12,"minecraft:wheat":18,"minecraft:birch_leaves":1,"minecraft:yellow_bed":1,"minecraft:grass":140,"minecraft:coal_ore":83,"minecraft:oak_log":54,"minecraft:beetroots":8,"minecraft:gravel":1,"minecraft:sand":9,"minecraft:dirt":20,"minecraft:oak_leaves":6},"minecraft:crafted":{"minecraft:oak_door":3,"minecraft:oak_planks":216,"minecraft:iron_nugget":45,"minecraft:furnace":2,"minecraft:cobblestone_stairs":4,"minecraft:cooked_mutton":4,"minecraft:terracotta":1,"minecraft:glass":8,"minecraft:iron_boots":1,"minecraft:stone_pickaxe":1,"minecraft:chest":4,"minecraft:birch_door":3,"minecraft:stone_hoe":1,"minecraft:wooden_pickaxe":1,"minecraft:iron_helmet":1,"minecraft:iron_sword":1,"minecraft:bucket":1,"minecraft:birch_planks":48,"minecraft:stone_axe":1,"minecraft:bread":3,"minecraft:iron_chestplate":1,"minecraft:wooden_hoe":1,"minecraft:gold_nugget":27,"minecraft:stick":56,"minecraft:iron_pickaxe":1,"minecraft:iron_ingot":43,"minecraft:stone_sword":1,"minecraft:iron_leggings":1,"exoticbirds:cooked_birdmeat":6,"minecraft:gold_ingot":3,"minecraft:torch":60},"minecraft:used":{"minecraft:stone_sword":81,"minecraft:chest":4,"minecraft:iron_sword":192,"minecraft:stone_hoe":30,"minecraft:rotten_flesh":1,"minecraft:oak_door":2,"minecraft:torch":70,"minecraft:dirt":36,"cgm:workbench":1,"minecraft:carrot":136,"minecraft:birch_door":2,"minecraft:glass":8,"farmersdelight:tomato":2,"minecraft:grass_block":1,"minecraft:item_frame":1,"minecraft:furnace":4,"minecraft:oak_sapling":4,"minecraft:beetroot_seeds":13,"minecraft:potato":12,"farmersdelight:tomato_seeds":20,"minecraft:wheat_seeds":53,"minecraft:cooked_mutton":4,"minecraft:water_bucket":7,"minecraft:cobblestone_stairs":3,"minecraft:birch_planks":8,"minecraft:stone_pickaxe":133,"minecraft:oak_planks":112,"minecraft:wooden_pickaxe":32,"minecraft:cobblestone_slab":2,"farmersdelight:organic_compost":1,"minecraft:white_wool":1,"minecraft:sand":3,"minecraft:crafting_table":3,"minecraft:white_bed":2,"minecraft:wooden_hoe":40,"minecraft:bread":11,"minecraft:iron_pickaxe":216,"minecraft:stone_axe":106,"exoticbirds:cooked_birdmeat":6,"minecraft:cobblestone":151,"minecraft:bucket":7,"alexsmobs:animal_dictionary":1},"minecraft:killed_by":{"minecraft:player":9,"minecraft:creeper":1,"minecraft:spider":2,"minecraft:skeleton":1,"minecraft:zombie":1},"minecraft:killed":{"mowziesmobs:barakoan_barakoana":4,"exoticbirds:pelican":2,"alexsmobs:raccoon":1,"minecraft:spider":8,"exoticbirds:roadrunner":1,"minecraft:skeleton":4,"minecraft:husk":3,"alexsmobs:guster":1,"exoticbirds:ostrich":1,"minecraft:creeper":3,"alexsmobs:emu":1,"minecraft:sheep":1,"minecraft:trader_llama":1,"alexsmobs:cockroach":1,"minecraft:zombie":10,"alexsmobs:fly":2,"minecraft:cow":2}},"DataVersion":2586}