{"stats":{"minecraft:custom":{"minecraft:interact_with_furnace":16,"minecraft:mob_kills":19,"minecraft:interact_with_crafting_table":17,"minecraft:play_one_minute":67153,"minecraft:leave_game":1,"minecraft:time_since_death":47500,"minecraft:sleep_in_bed":1,"minecraft:time_since_rest":47550,"minecraft:sprint_one_cm":118424,"minecraft:damage_taken":1114,"minecraft:walk_one_cm":165616,"minecraft:damage_dealt":3919,"minecraft:swim_one_cm":4811,"minecraft:fly_one_cm":191275,"minecraft:open_chest":21,"minecraft:crouch_one_cm":182,"minecraft:deaths":1,"minecraft:sneak_time":197,"minecraft:walk_under_water_one_cm":1334,"minecraft:jump":716,"minecraft:walk_on_water_one_cm":3780,"minecraft:fall_one_cm":13626},"minecraft:mined":{"minecraft:white_bed":1,"minecraft:crafting_table":3,"minecraft:torch":2,"minecraft:grass_block":24,"farmersdelight:tomatoes":2,"minecraft:tall_grass":11,"minecraft:oak_planks":3,"minecraft:wall_torch":3,"minecraft:carrots":1,"minecraft:birch_log":12,"minecraft:wheat":3,"minecraft:birch_leaves":1,"minecraft:grass":72,"minecraft:potatoes":6,"minecraft:coal_ore":46,"minecraft:oak_log":27,"minecraft:dirt":14,"minecraft:stone":116,"minecraft:oak_leaves":3},"minecraft:used":{"minecraft:wheat_seeds":13,"minecraft:cooked_mutton":1,"minecraft:stone_sword":57,"minecraft:birch_planks":8,"minecraft:stone_pickaxe":133,"minecraft:oak_planks":28,"minecraft:chest":2,"minecraft:wooden_pickaxe":32,"minecraft:rotten_flesh":1,"minecraft:white_wool":1,"minecraft:torch":14,"minecraft:dirt":27,"minecraft:crafting_table":2,"minecraft:carrot":8,"minecraft:white_bed":1,"minecraft:birch_door":2,"minecraft:wooden_hoe":34,"farmersdelight:tomato":2,"minecraft:bread":10,"minecraft:stone_axe":66,"exoticbirds:cooked_birdmeat":6,"minecraft:furnace":2,"minecraft:oak_sapling":3,"alexsmobs:animal_dictionary":1,"minecraft:potato":6,"farmersdelight:tomato_seeds":2},"minecraft:killed_by":{"minecraft:spider":1},"minecraft:picked_up":{"minecraft:birch_log":12,"minecraft:wheat":1,"minecraft:crafting_table":3,"minecraft:feather":5,"minecraft:potato":11,"minecraft:oak_log":27,"farmersdelight:tomato":2,"minecraft:string":2,"minecraft:dirt":37,"minecraft:bone":1,"minecraft:apple":1,"minecraft:wheat_seeds":13,"minecraft:chest":1,"minecraft:oak_planks":3,"minecraft:stick":7,"minecraft:torch":5,"farmersdelight:tomato_seeds":2,"mowziesmobs:barakoa_mask_bliss":1,"minecraft:white_bed":1,"minecraft:carrot":1,"minecraft:arrow":1,"minecraft:rotten_flesh":1,"alexsmobs:maggot":2,"minecraft:oak_sapling":3,"minecraft:mutton":1,"minecraft:coal":45,"exoticbirds:raw_birdmeat":5,"minecraft:white_wool":1,"minecraft:cobblestone":109},"minecraft:broken":{"minecraft:stone_pickaxe":1},"minecraft:crafted":{"minecraft:oak_planks":44,"minecraft:wooden_pickaxe":1,"minecraft:birch_planks":48,"minecraft:stone_axe":1,"minecraft:cooked_mutton":1,"minecraft:wooden_hoe":1,"minecraft:stick":24,"minecraft:iron_ingot":9,"minecraft:stone_pickaxe":1,"minecraft:stone_sword":1,"minecraft:chest":2,"exoticbirds:cooked_birdmeat":6,"minecraft:birch_door":3,"minecraft:torch":32},"minecraft:killed":{"mowziesmobs:barakoan_barakoana":4,"minecraft:husk":2,"alexsmobs:guster":1,"minecraft:spider":4,"exoticbirds:ostrich":1,"minecraft:sheep":1,"minecraft:skeleton":2,"minecraft:zombie":4,"alexsmobs:fly":1}},"DataVersion":2586}