{"stats":{"minecraft:custom":{"minecraft:mob_kills":155,"minecraft:interact_with_crafting_table":49,"minecraft:leave_game":4,"minecraft:time_since_death":12498,"minecraft:climb_one_cm":1591,"minecraft:sprint_one_cm":647927,"minecraft:walk_one_cm":373236,"minecraft:drop":36,"minecraft:talked_to_villager":3,"minecraft:sneak_time":12705,"minecraft:deaths":11,"minecraft:walk_under_water_one_cm":43823,"minecraft:boat_one_cm":456718,"minecraft:jump":6035,"minecraft:walk_on_water_one_cm":69117,"minecraft:interact_with_furnace":132,"minecraft:play_one_minute":236659,"minecraft:sleep_in_bed":8,"minecraft:time_since_rest":12528,"minecraft:damage_taken":5950,"minecraft:damage_dealt":25426,"minecraft:player_kills":8,"minecraft:swim_one_cm":189740,"minecraft:fly_one_cm":1433179,"minecraft:crouch_one_cm":33937,"minecraft:open_chest":109,"minecraft:fish_caught":1,"minecraft:fall_one_cm":154071,"minecraft:horse_one_cm":2792},"minecraft:broken":{"minecraft:iron_boots":1,"minecraft:iron_chestplate":1,"minecraft:iron_leggings":1,"minecraft:stone_axe":1,"minecraft:iron_pickaxe":1,"minecraft:iron_helmet":2,"minecraft:wooden_hoe":1},"minecraft:picked_up":{"minecraft:wooden_axe":1,"cgm:basic_bullet":32,"minecraft:crafting_table":6,"minecraft:chicken":3,"minecraft:clay_ball":68,"alexsmobs:gazelle_horn":1,"minecraft:string":13,"alexsmobs:blood_sac":1,"alexsmobs:emu_feather":2,"minecraft:gold_nugget":30,"minecraft:beef":5,"minecraft:oak_boat":7,"minecraft:poppy":3,"minecraft:sugar_cane":13,"minecraft:furnace":6,"minecraft:stick":8,"minecraft:sandstone":22,"minecraft:oak_door":3,"dead_guys_untitled_deep_dark_:cold_deep_stone":4,"minecraft:torch":76,"alexsmobs:lobster_bucket":1,"farmersdelight:tomato_seeds":1,"minecraft:diorite":5,"minecraft:carrot":371,"minecraft:redstone":17,"alexsmobs:centipede_leg":2,"additionalguns:magnum":1,"minecraft:arrow":36,"minecraft:rotten_flesh":11,"cgm:assault_rifle":1,"minecraft:mutton":3,"minecraft:snowball":16,"exoticbirds:raw_birdmeat":17,"minecraft:white_wool":5,"minecraft:cobblestone":319,"minecraft:feather":17,"minecraft:andesite":4,"minecraft:water_bucket":1,"minecraft:salmon":1,"minecraft:leather":1,"minecraft:flint":5,"minecraft:light_gray_dye":2,"minecraft:oak_log":26,"minecraft:gunpowder":4,"minecraft:lapis_lazuli":113,"farmersdelight:tomato":4,"minecraft:dirt":50,"minecraft:bone":36,"minecraft:bow":1,"minecraft:wheat_seeds":8,"alexsmobs:cockroach_wing_fragment":4,"minecraft:iron_ingot":38,"minecraft:iron_ore":258,"minecraft:stone_hoe":1,"minecraft:oak_planks":6,"minecraft:quartz":4,"minecraft:gravel":34,"minecraft:sand":31,"cgm:pistol":2,"minecraft:ink_sac":1,"minecraft:grass_block":1,"dead_guys_untitled_deep_dark_:cold_sculk_prairie":1,"minecraft:gold_ore":22,"minecraft:spider_eye":2,"minecraft:light_gray_concrete":8,"alexsmobs:guster_eye":1,"minecraft:white_concrete_powder":4,"minecraft:clay":8,"minecraft:diamond":2,"minecraft:granite":8,"minecraft:black_wool":1,"cgm:workbench":1,"minecraft:white_concrete":2,"alexsmobs:moose_ribs":5,"minecraft:terracotta":8,"minecraft:bread":5,"alexsmobs:maggot":4,"minecraft:oak_sapling":8,"minecraft:netherrack":18,"minecraft:coal":194},"minecraft:mined":{"minecraft:nether_gold_ore":9,"minecraft:diamond_ore":2,"minecraft:oak_sapling":1,"minecraft:oak_door":2,"farmersdelight:wild_carrots":11,"minecraft:granite":9,"minecraft:grass_block":3,"minecraft:white_concrete":2,"minecraft:sandstone":21,"minecraft:white_concrete_powder":4,"cgm:workbench":1,"minecraft:redstone_ore":4,"minecraft:carrots":84,"minecraft:furnace":6,"minecraft:iron_ore":204,"minecraft:fire":6,"dead_guys_untitled_deep_dark_:cold_deep_stone":5,"minecraft:andesite":5,"minecraft:light_gray_concrete":8,"minecraft:stone":211,"minecraft:crimson_nylium":2,"minecraft:clay":17,"minecraft:crafting_table":6,"minecraft:torch":3,"minecraft:dead_bush":4,"minecraft:nether_quartz_ore":1,"minecraft:tall_grass":14,"minecraft:cobblestone":8,"minecraft:lapis_ore":19,"minecraft:sugar_cane":6,"minecraft:oak_planks":6,"minecraft:diorite":4,"minecraft:wall_torch":2,"minecraft:black_wool":1,"minecraft:yellow_bed":1,"minecraft:grass":37,"minecraft:oak_log":26,"minecraft:coal_ore":123,"minecraft:sand":34,"minecraft:gravel":41,"minecraft:dirt":13,"minecraft:netherrack":19,"minecraft:gold_ore":24,"minecraft:oak_leaves":2},"minecraft:dropped":{"minecraft:water_bucket":1,"minecraft:iron_ingot":8,"minecraft:iron_sword":1,"minecraft:wheat_seeds":7,"minecraft:cobblestone":29,"minecraft:grass_block":1,"additionalguns:magnum":1,"minecraft:diorite":5,"minecraft:torch":1,"minecraft:mutton":3,"minecraft:wooden_axe":2,"minecraft:sand":1,"minecraft:iron_pickaxe":1,"minecraft:gravel":1,"cgm:pistol":2,"alexsmobs:maggot":1,"minecraft:rotten_flesh":6,"minecraft:salmon":1,"minecraft:carrot":32,"minecraft:filled_map":2,"minecraft:poppy":3,"minecraft:gunpowder":2,"alexsmobs:cockroach_wing_fragment":1,"exoticbirds:raw_birdmeat":2,"minecraft:wooden_pickaxe":1,"dead_guys_untitled_deep_dark_:cold_sculk_prairie":1},"minecraft:crafted":{"minecraft:black_dye":1,"minecraft:light_gray_concrete_powder":8,"minecraft:oak_door":3,"minecraft:oak_planks":160,"minecraft:iron_nugget":9,"minecraft:furnace":4,"minecraft:bone_meal":12,"minecraft:cooked_mutton":7,"minecraft:terracotta":1,"minecraft:white_concrete_powder":8,"minecraft:bow":2,"minecraft:iron_boots":2,"minecraft:iron_axe":1,"minecraft:stone_pickaxe":1,"cgm:workbench":1,"minecraft:cooked_beef":2,"minecraft:arrow":12,"minecraft:crafting_table":4,"minecraft:iron_helmet":3,"minecraft:wooden_pickaxe":1,"minecraft:iron_sword":2,"alexsmobs:cooked_moose_ribs":5,"minecraft:bucket":1,"minecraft:stone_axe":1,"minecraft:air":0,"minecraft:blue_dye":1,"minecraft:oak_boat":4,"minecraft:iron_chestplate":2,"minecraft:wooden_hoe":1,"minecraft:shield":1,"minecraft:white_dye":3,"minecraft:stick":44,"minecraft:iron_ingot":169,"minecraft:iron_pickaxe":3,"minecraft:wooden_axe":1,"minecraft:iron_leggings":2,"minecraft:iron_shovel":1,"exoticbirds:cooked_birdmeat":12,"minecraft:gold_ingot":3,"minecraft:light_gray_dye":3,"minecraft:torch":68,"minecraft:shears":1,"minecraft:clay":17},"minecraft:used":{"minecraft:iron_shovel":48,"minecraft:white_concrete_powder":9,"minecraft:shield":82,"minecraft:iron_sword":369,"minecraft:stone_hoe":32,"minecraft:netherrack":18,"minecraft:oak_door":5,"minecraft:torch":138,"minecraft:dirt":28,"cgm:workbench":2,"minecraft:carrot":283,"minecraft:wooden_axe":7,"minecraft:lava_bucket":12,"farmersdelight:tomato":4,"minecraft:iron_axe":18,"minecraft:bow":44,"alexsmobs:lobster_bucket":5,"minecraft:oak_sapling":7,"minecraft:furnace":10,"minecraft:cooked_beef":2,"farmersdelight:tomato_seeds":1,"minecraft:cooked_mutton":7,"minecraft:water_bucket":102,"minecraft:stone_pickaxe":109,"minecraft:oak_planks":82,"minecraft:wooden_pickaxe":6,"minecraft:sandstone":16,"minecraft:sand":15,"minecraft:crafting_table":10,"minecraft:light_gray_concrete_powder":8,"minecraft:wooden_hoe":67,"minecraft:bread":25,"minecraft:iron_pickaxe":582,"cgm:assault_rifle":32,"minecraft:fishing_rod":1,"minecraft:stone_axe":83,"minecraft:gravel":17,"alexsmobs:cooked_moose_ribs":5,"exoticbirds:cooked_birdmeat":12,"minecraft:cobblestone":75,"minecraft:bucket":119,"minecraft:oak_boat":10,"alexsmobs:animal_dictionary":2},"minecraft:killed_by":{"minecraft:player":2,"minecraft:creeper":2,"alexsmobs:cachalot_whale":1,"alexsmobs:guster":1,"minecraft:skeleton":1,"alexsmobs:moose":1},"minecraft:killed":{"alexsmobs:tarantula_hawk":1,"minecraft:spider":20,"exoticbirds:roadrunner":1,"minecraft:skeleton":46,"minecraft:chicken":3,"alexsmobs:centipede_head":1,"minecraft:drowned":2,"minecraft:husk":8,"alexsmobs:guster":3,"exoticbirds:lyrebird":2,"minecraft:pig":3,"exoticbirds:hummingbird":2,"minecraft:zombie_villager":1,"minecraft:bat":1,"exoticbirds:ostrich":3,"minecraft:creeper":8,"alexsmobs:crimson_mosquito":2,"alexsmobs:emu":2,"exoticbirds:penguin":2,"alexsmobs:cockroach":4,"minecraft:zombie":24,"alexsmobs:gazelle":3,"alexsmobs:roadrunner":1,"alexsmobs:fly":2,"alexsmobs:crow":1,"minecraft:enderman":1,"minecraft:cow":3}},"DataVersion":2586}