{"stats":{"minecraft:custom":{"minecraft:mob_kills":77,"minecraft:interact_with_crafting_table":24,"minecraft:leave_game":1,"minecraft:time_since_death":4401,"minecraft:climb_one_cm":40,"minecraft:sprint_one_cm":340010,"minecraft:walk_one_cm":210137,"minecraft:drop":14,"minecraft:talked_to_villager":3,"minecraft:deaths":4,"minecraft:sneak_time":10182,"minecraft:walk_under_water_one_cm":14234,"minecraft:jump":2808,"minecraft:walk_on_water_one_cm":35389,"minecraft:interact_with_furnace":59,"minecraft:play_one_minute":97794,"minecraft:sleep_in_bed":5,"minecraft:time_since_rest":4426,"minecraft:damage_taken":2329,"minecraft:damage_dealt":12716,"minecraft:swim_one_cm":16686,"minecraft:fly_one_cm":680654,"minecraft:player_kills":1,"minecraft:open_chest":34,"minecraft:crouch_one_cm":30092,"minecraft:fall_one_cm":76221},"minecraft:used":{"minecraft:shield":31,"minecraft:iron_sword":178,"minecraft:stone_hoe":32,"minecraft:netherrack":6,"minecraft:torch":67,"minecraft:dirt":27,"minecraft:carrot":220,"minecraft:wooden_axe":7,"minecraft:lava_bucket":12,"farmersdelight:tomato":4,"minecraft:bow":9,"minecraft:furnace":2,"minecraft:oak_sapling":6,"minecraft:cooked_beef":2,"farmersdelight:tomato_seeds":1,"minecraft:cooked_mutton":7,"minecraft:water_bucket":84,"minecraft:stone_pickaxe":109,"minecraft:oak_planks":81,"minecraft:wooden_pickaxe":6,"minecraft:sand":2,"minecraft:crafting_table":4,"minecraft:wooden_hoe":67,"minecraft:bread":25,"minecraft:iron_pickaxe":260,"minecraft:gravel":1,"minecraft:stone_axe":71,"minecraft:cobblestone":56,"minecraft:bucket":97,"alexsmobs:animal_dictionary":2},"minecraft:mined":{"minecraft:nether_gold_ore":9,"minecraft:diamond_ore":2,"minecraft:oak_sapling":1,"farmersdelight:wild_carrots":11,"minecraft:granite":6,"minecraft:grass_block":3,"minecraft:redstone_ore":4,"minecraft:carrots":84,"minecraft:furnace":1,"minecraft:iron_ore":78,"minecraft:fire":6,"dead_guys_untitled_deep_dark_:cold_deep_stone":4,"minecraft:andesite":5,"minecraft:stone":156,"minecraft:crimson_nylium":2,"minecraft:crafting_table":3,"minecraft:torch":1,"minecraft:nether_quartz_ore":1,"minecraft:tall_grass":3,"minecraft:cobblestone":5,"minecraft:lapis_ore":9,"minecraft:sugar_cane":2,"minecraft:oak_planks":4,"minecraft:diorite":4,"minecraft:wall_torch":1,"minecraft:yellow_bed":1,"minecraft:grass":22,"minecraft:oak_log":26,"minecraft:coal_ore":43,"minecraft:gravel":2,"minecraft:sand":1,"minecraft:dirt":8,"minecraft:netherrack":18,"minecraft:gold_ore":21,"minecraft:oak_leaves":2},"minecraft:dropped":{"minecraft:wheat_seeds":3,"minecraft:cobblestone":29,"minecraft:diorite":5,"minecraft:torch":1,"minecraft:mutton":3,"minecraft:wooden_axe":2,"minecraft:sand":1,"alexsmobs:maggot":1,"minecraft:rotten_flesh":2,"minecraft:wooden_pickaxe":1},"minecraft:killed_by":{"minecraft:creeper":2,"minecraft:skeleton":1},"minecraft:picked_up":{"minecraft:wooden_axe":1,"minecraft:crafting_table":3,"minecraft:chicken":3,"alexsmobs:gazelle_horn":1,"minecraft:string":9,"alexsmobs:emu_feather":2,"alexsmobs:blood_sac":1,"minecraft:gold_nugget":30,"minecraft:beef":5,"minecraft:poppy":3,"minecraft:sugar_cane":4,"minecraft:furnace":1,"minecraft:stick":5,"dead_guys_untitled_deep_dark_:cold_deep_stone":4,"minecraft:torch":67,"farmersdelight:tomato_seeds":1,"minecraft:diorite":5,"minecraft:carrot":323,"minecraft:redstone":17,"alexsmobs:centipede_leg":2,"minecraft:arrow":15,"minecraft:rotten_flesh":7,"minecraft:mutton":3,"exoticbirds:raw_birdmeat":3,"minecraft:white_wool":5,"minecraft:cobblestone":257,"minecraft:feather":7,"minecraft:andesite":4,"minecraft:leather":1,"minecraft:oak_log":26,"farmersdelight:tomato":4,"minecraft:lapis_lazuli":44,"minecraft:dirt":40,"minecraft:bone":15,"minecraft:bow":1,"minecraft:wheat_seeds":4,"alexsmobs:cockroach_wing_fragment":2,"minecraft:iron_ingot":8,"minecraft:iron_ore":105,"minecraft:oak_planks":4,"minecraft:stone_hoe":1,"minecraft:quartz":4,"minecraft:gravel":1,"minecraft:sand":2,"minecraft:gold_ore":19,"minecraft:spider_eye":1,"alexsmobs:guster_eye":1,"minecraft:diamond":2,"minecraft:granite":5,"minecraft:bread":5,"alexsmobs:maggot":4,"minecraft:oak_sapling":7,"minecraft:netherrack":17,"minecraft:coal":52},"minecraft:broken":{"minecraft:iron_pickaxe":1,"minecraft:iron_helmet":1,"minecraft:wooden_hoe":1},"minecraft:killed":{"minecraft:spider":11,"minecraft:skeleton":19,"minecraft:chicken":3,"alexsmobs:centipede_head":1,"minecraft:husk":6,"alexsmobs:guster":3,"exoticbirds:lyrebird":2,"minecraft:bat":1,"exoticbirds:ostrich":1,"minecraft:creeper":4,"alexsmobs:crimson_mosquito":2,"alexsmobs:emu":2,"alexsmobs:cockroach":3,"minecraft:zombie":9,"alexsmobs:gazelle":3,"alexsmobs:fly":1,"alexsmobs:crow":1,"minecraft:enderman":1,"minecraft:cow":3},"minecraft:crafted":{"minecraft:oak_planks":160,"minecraft:furnace":1,"minecraft:cooked_mutton":7,"minecraft:bow":1,"minecraft:iron_boots":1,"minecraft:stone_pickaxe":1,"minecraft:cooked_beef":2,"minecraft:crafting_table":1,"minecraft:wooden_pickaxe":1,"minecraft:iron_helmet":2,"minecraft:iron_sword":1,"minecraft:bucket":1,"minecraft:stone_axe":1,"minecraft:air":0,"minecraft:wooden_hoe":1,"minecraft:iron_chestplate":1,"minecraft:shield":1,"minecraft:stick":20,"minecraft:iron_pickaxe":2,"minecraft:iron_ingot":43,"minecraft:wooden_axe":1,"minecraft:iron_leggings":1,"minecraft:gold_ingot":3,"minecraft:torch":20,"minecraft:shears":1}},"DataVersion":2586}