{"stats":{"minecraft:custom":{"minecraft:interact_with_anvil":2,"minecraft:mob_kills":221,"minecraft:interact_with_crafting_table":65,"minecraft:bell_ring":146,"minecraft:leave_game":6,"minecraft:time_since_death":17229,"minecraft:climb_one_cm":9379,"minecraft:sprint_one_cm":966690,"minecraft:walk_one_cm":525100,"minecraft:drop":57,"minecraft:talked_to_villager":7,"minecraft:sneak_time":14072,"minecraft:deaths":13,"minecraft:walk_under_water_one_cm":48418,"minecraft:boat_one_cm":587620,"minecraft:jump":8434,"minecraft:walk_on_water_one_cm":75583,"minecraft:interact_with_furnace":155,"minecraft:play_one_minute":326173,"minecraft:sleep_in_bed":11,"minecraft:time_since_rest":17273,"minecraft:damage_taken":7816,"minecraft:damage_dealt":35244,"minecraft:crouch_one_cm":38333,"minecraft:player_kills":11,"minecraft:swim_one_cm":202339,"minecraft:fly_one_cm":2000302,"minecraft:open_chest":219,"minecraft:fall_one_cm":222292,"minecraft:fish_caught":1,"minecraft:interact_with_smithing_table":1,"minecraft:horse_one_cm":2792},"minecraft:broken":{"minecraft:iron_shovel":1,"minecraft:iron_boots":2,"minecraft:iron_chestplate":1,"minecraft:iron_leggings":1,"minecraft:shield":1,"minecraft:stone_axe":1,"minecraft:iron_pickaxe":1,"minecraft:iron_helmet":2,"minecraft:wooden_hoe":1},"minecraft:picked_up":{"minecraft:wooden_axe":1,"minecraft:iron_chestplate":2,"minecraft:crafting_table":6,"cgm:basic_bullet":224,"minecraft:anvil":1,"minecraft:chicken":5,"minecraft:clay_ball":68,"minecraft:brown_bed":2,"dead_guys_untitled_deep_dark_:dahlia_petal":2,"alexsmobs:gazelle_horn":2,"minecraft:string":17,"minecraft:red_bed":1,"minecraft:experience_bottle":1,"alexsmobs:blood_sac":1,"alexsmobs:emu_feather":2,"minecraft:gold_nugget":30,"minecraft:beef":5,"minecraft:oak_boat":10,"minecraft:poppy":7,"minecraft:sugar_cane":17,"minecraft:furnace":6,"minecraft:stick":9,"minecraft:sandstone":22,"minecraft:oak_door":4,"dead_guys_untitled_deep_dark_:cold_deep_stone":4,"minecraft:torch":79,"alexsmobs:lobster_bucket":1,"farmersdelight:tomato_seeds":1,"minecraft:diorite":5,"minecraft:carrot":371,"minecraft:redstone":17,"alexsmobs:centipede_leg":2,"minecraft:light_gray_bed":2,"additionalguns:magnum":1,"minecraft:arrow":51,"minecraft:rotten_flesh":33,"cgm:assault_rifle":4,"minecraft:mutton":3,"minecraft:snowball":48,"exoticbirds:raw_birdmeat":20,"minecraft:white_wool":5,"minecraft:cobblestone":337,"minecraft:feather":17,"minecraft:andesite":4,"minecraft:water_bucket":1,"minecraft:salmon":1,"minecraft:black_bed":1,"minecraft:leather":1,"minecraft:flint":5,"minecraft:light_gray_dye":2,"minecraft:oak_log":31,"minecraft:gunpowder":25,"farmersdelight:tomato":4,"minecraft:lapis_lazuli":113,"minecraft:dirt":264,"minecraft:bone":54,"minecraft:bow":1,"minecraft:wheat_seeds":11,"alexsmobs:cockroach_wing_fragment":4,"minecraft:bell":6,"minecraft:iron_ingot":38,"minecraft:stone_pickaxe":2,"minecraft:iron_ore":279,"minecraft:stone_hoe":1,"minecraft:iron_sword":1,"minecraft:oak_planks":6,"minecraft:pumpkin":1,"minecraft:quartz":4,"minecraft:gravel":34,"minecraft:sand":45,"minecraft:ink_sac":1,"minecraft:gold_ore":22,"minecraft:grass_block":1,"dead_guys_untitled_deep_dark_:cold_sculk_prairie":4,"minecraft:spider_eye":3,"cgm:pistol":2,"minecraft:light_gray_concrete":10,"alexsmobs:guster_eye":1,"minecraft:clay":8,"minecraft:white_concrete_powder":4,"minecraft:diamond":2,"minecraft:damaged_anvil":1,"minecraft:granite":8,"minecraft:white_concrete":2,"alexsmobs:moose_ribs":5,"minecraft:bread":5,"minecraft:terracotta":8,"alexsmobs:maggot":7,"minecraft:oak_sapling":9,"minecraft:netherrack":18,"minecraft:black_wool":1,"minecraft:coal":222,"cgm:workbench":1},"minecraft:dropped":{"minecraft:water_bucket":1,"minecraft:iron_ingot":9,"minecraft:iron_sword":2,"minecraft:wheat_seeds":7,"minecraft:cobblestone":29,"minecraft:grass_block":1,"additionalguns:magnum":1,"minecraft:dirt":13,"minecraft:diorite":5,"minecraft:torch":1,"minecraft:mutton":3,"minecraft:wooden_axe":2,"minecraft:snowball":32,"minecraft:sand":3,"minecraft:iron_pickaxe":1,"minecraft:oak_door":2,"minecraft:gravel":1,"cgm:pistol":2,"alexsmobs:maggot":1,"dead_guys_untitled_deep_dark_:dahlia_petal":1,"minecraft:rotten_flesh":12,"minecraft:light_gray_concrete":4,"cgm:assault_rifle":3,"minecraft:salmon":1,"minecraft:carrot":32,"minecraft:filled_map":2,"minecraft:poppy":7,"minecraft:gunpowder":2,"alexsmobs:cockroach_wing_fragment":1,"minecraft:iron_chestplate":1,"exoticbirds:raw_birdmeat":2,"minecraft:stone_pickaxe":2,"minecraft:wooden_pickaxe":1,"dead_guys_untitled_deep_dark_:cold_sculk_prairie":4},"minecraft:mined":{"minecraft:diamond_ore":2,"minecraft:nether_gold_ore":9,"minecraft:spruce_planks":1,"minecraft:oak_sapling":1,"minecraft:oak_door":2,"farmersdelight:wild_carrots":11,"minecraft:granite":9,"minecraft:grass_block":28,"minecraft:light_gray_bed":2,"minecraft:white_concrete":2,"minecraft:sandstone":21,"minecraft:white_concrete_powder":4,"cgm:workbench":1,"minecraft:redstone_ore":4,"minecraft:carrots":84,"minecraft:furnace":6,"minecraft:iron_ore":225,"minecraft:fire":6,"dead_guys_untitled_deep_dark_:cold_deep_stone":5,"minecraft:andesite":5,"minecraft:anvil":1,"minecraft:brown_bed":2,"minecraft:bell":5,"minecraft:light_gray_concrete":8,"minecraft:stone":229,"minecraft:red_bed":1,"minecraft:crimson_nylium":2,"minecraft:clay":17,"minecraft:crafting_table":6,"minecraft:torch":3,"minecraft:dead_bush":4,"minecraft:nether_quartz_ore":1,"minecraft:tall_grass":17,"minecraft:cobblestone":8,"minecraft:damaged_anvil":1,"minecraft:lapis_ore":19,"minecraft:oak_planks":6,"minecraft:sugar_cane":6,"minecraft:diorite":4,"minecraft:wall_torch":4,"minecraft:black_bed":1,"minecraft:birch_leaves":2,"minecraft:yellow_bed":1,"minecraft:black_wool":1,"minecraft:grass":44,"minecraft:coal_ore":151,"minecraft:oak_log":31,"minecraft:sand":43,"minecraft:gravel":41,"minecraft:dirt":296,"minecraft:gold_ore":24,"minecraft:netherrack":19,"minecraft:oak_leaves":10},"minecraft:crafted":{"minecraft:black_dye":1,"minecraft:light_gray_concrete_powder":8,"minecraft:oak_door":3,"minecraft:oak_planks":180,"minecraft:iron_nugget":36,"minecraft:cooked_chicken":2,"minecraft:furnace":6,"minecraft:bone_meal":12,"minecraft:cooked_mutton":7,"minecraft:terracotta":1,"minecraft:white_concrete_powder":8,"minecraft:bow":2,"minecraft:iron_boots":3,"minecraft:iron_axe":1,"minecraft:stone_pickaxe":1,"cgm:workbench":2,"minecraft:cooked_beef":2,"minecraft:arrow":12,"minecraft:crafting_table":6,"minecraft:wooden_pickaxe":1,"minecraft:iron_helmet":3,"minecraft:iron_sword":2,"alexsmobs:cooked_moose_ribs":5,"minecraft:bucket":1,"minecraft:stone_axe":1,"minecraft:air":0,"minecraft:blue_dye":1,"minecraft:oak_boat":4,"minecraft:iron_chestplate":3,"minecraft:wooden_hoe":1,"minecraft:shield":2,"minecraft:white_dye":3,"minecraft:stick":44,"minecraft:iron_ingot":193,"minecraft:iron_pickaxe":3,"minecraft:wooden_axe":1,"minecraft:iron_leggings":4,"exoticbirds:cooked_birdmeat":15,"minecraft:iron_shovel":2,"minecraft:gold_ingot":3,"minecraft:light_gray_dye":3,"minecraft:torch":68,"minecraft:shears":1,"minecraft:clay":17},"minecraft:used":{"minecraft:iron_shovel":359,"minecraft:white_concrete_powder":9,"minecraft:shield":92,"minecraft:iron_sword":446,"minecraft:bell":5,"minecraft:stone_hoe":32,"minecraft:netherrack":18,"minecraft:oak_door":5,"minecraft:torch":164,"minecraft:dirt":34,"minecraft:anvil":1,"cgm:workbench":3,"minecraft:carrot":359,"minecraft:wooden_axe":7,"minecraft:lava_bucket":12,"farmersdelight:tomato":4,"minecraft:iron_axe":107,"minecraft:bow":74,"alexsmobs:lobster_bucket":5,"minecraft:oak_sapling":7,"minecraft:furnace":12,"minecraft:cooked_beef":2,"farmersdelight:tomato_seeds":1,"minecraft:pumpkin":1,"minecraft:light_gray_bed":2,"minecraft:brown_bed":2,"minecraft:cooked_mutton":7,"minecraft:water_bucket":134,"minecraft:stone_pickaxe":109,"minecraft:oak_planks":88,"minecraft:wooden_pickaxe":6,"minecraft:sandstone":16,"minecraft:sand":24,"minecraft:red_bed":1,"minecraft:crafting_table":12,"minecraft:black_bed":1,"minecraft:light_gray_concrete_powder":8,"minecraft:wooden_hoe":67,"minecraft:bread":31,"minecraft:fishing_rod":1,"minecraft:iron_pickaxe":657,"cgm:assault_rifle":97,"minecraft:stone_axe":83,"minecraft:gravel":17,"alexsmobs:cooked_moose_ribs":5,"exoticbirds:cooked_birdmeat":13,"minecraft:cobblestone":88,"minecraft:oak_boat":14,"minecraft:bucket":152,"alexsmobs:animal_dictionary":2},"minecraft:killed_by":{"minecraft:player":2,"minecraft:creeper":3,"alexsmobs:cachalot_whale":1,"alexsmobs:guster":1,"minecraft:skeleton":1,"alexsmobs:moose":1},"minecraft:killed":{"alexsmobs:tarantula_hawk":1,"minecraft:spider":29,"exoticbirds:roadrunner":1,"minecraft:skeleton":62,"minecraft:chicken":4,"alexsmobs:centipede_head":1,"minecraft:drowned":2,"minecraft:husk":10,"alexsmobs:guster":4,"exoticbirds:lyrebird":2,"minecraft:pig":3,"exoticbirds:hummingbird":2,"minecraft:zombie_villager":1,"minecraft:bat":1,"exoticbirds:ostrich":3,"minecraft:creeper":27,"alexsmobs:crimson_mosquito":3,"alexsmobs:emu":2,"exoticbirds:penguin":2,"alexsmobs:cockroach":4,"minecraft:zombie":38,"alexsmobs:gazelle":3,"alexsmobs:roadrunner":1,"alexsmobs:fly":2,"alexsmobs:crow":1,"minecraft:enderman":1,"minecraft:cow":3,"exoticbirds:peafowl":1}},"DataVersion":2586}