{"stats":{"minecraft:killed_by":{"minecraft:player":2,"minecraft:creeper":2,"minecraft:skeleton":1,"alexsmobs:moose":1},"minecraft:broken":{"minecraft:iron_boots":1,"minecraft:iron_chestplate":1,"minecraft:iron_leggings":1,"minecraft:stone_axe":1,"minecraft:iron_pickaxe":1,"minecraft:iron_helmet":1,"minecraft:wooden_hoe":1},"minecraft:mined":{"minecraft:nether_gold_ore":9,"minecraft:diamond_ore":2,"minecraft:oak_sapling":1,"minecraft:oak_door":2,"farmersdelight:wild_carrots":11,"minecraft:granite":9,"minecraft:grass_block":3,"minecraft:sandstone":5,"minecraft:redstone_ore":4,"minecraft:furnace":5,"minecraft:carrots":84,"minecraft:iron_ore":185,"minecraft:fire":6,"dead_guys_untitled_deep_dark_:cold_deep_stone":5,"minecraft:andesite":5,"minecraft:stone":187,"minecraft:crimson_nylium":2,"minecraft:clay":17,"minecraft:crafting_table":5,"minecraft:torch":1,"minecraft:dead_bush":2,"minecraft:nether_quartz_ore":1,"minecraft:tall_grass":5,"minecraft:cobblestone":5,"minecraft:lapis_ore":19,"minecraft:sugar_cane":2,"minecraft:oak_planks":6,"minecraft:diorite":4,"minecraft:wall_torch":1,"minecraft:yellow_bed":1,"minecraft:grass":28,"minecraft:oak_log":26,"minecraft:coal_ore":109,"minecraft:gravel":40,"minecraft:sand":28,"minecraft:dirt":13,"minecraft:netherrack":19,"minecraft:gold_ore":24,"minecraft:oak_leaves":2},"minecraft:picked_up":{"minecraft:wooden_axe":1,"minecraft:crafting_table":5,"minecraft:chicken":3,"minecraft:clay_ball":68,"alexsmobs:gazelle_horn":1,"minecraft:string":11,"alexsmobs:blood_sac":1,"alexsmobs:emu_feather":2,"minecraft:gold_nugget":30,"minecraft:beef":5,"minecraft:oak_boat":3,"minecraft:poppy":3,"minecraft:sugar_cane":4,"minecraft:furnace":5,"minecraft:stick":6,"minecraft:sandstone":6,"minecraft:oak_door":2,"dead_guys_untitled_deep_dark_:cold_deep_stone":4,"minecraft:torch":69,"farmersdelight:tomato_seeds":1,"minecraft:diorite":5,"minecraft:carrot":371,"minecraft:redstone":17,"alexsmobs:centipede_leg":2,"minecraft:arrow":26,"minecraft:rotten_flesh":11,"minecraft:mutton":3,"exoticbirds:raw_birdmeat":16,"minecraft:white_wool":5,"minecraft:cobblestone":287,"minecraft:feather":17,"minecraft:andesite":4,"minecraft:water_bucket":1,"minecraft:salmon":1,"minecraft:leather":1,"minecraft:flint":5,"minecraft:oak_log":26,"minecraft:gunpowder":2,"minecraft:lapis_lazuli":113,"farmersdelight:tomato":4,"minecraft:dirt":49,"minecraft:bone":23,"minecraft:bow":1,"minecraft:wheat_seeds":5,"alexsmobs:cockroach_wing_fragment":3,"minecraft:iron_ingot":38,"minecraft:iron_ore":239,"minecraft:stone_hoe":1,"minecraft:oak_planks":6,"minecraft:quartz":4,"minecraft:gravel":27,"minecraft:sand":28,"dead_guys_untitled_deep_dark_:cold_sculk_prairie":1,"minecraft:gold_ore":22,"minecraft:spider_eye":1,"alexsmobs:guster_eye":1,"minecraft:clay":8,"minecraft:diamond":2,"minecraft:granite":8,"minecraft:terracotta":8,"alexsmobs:moose_ribs":5,"minecraft:bread":5,"alexsmobs:maggot":4,"minecraft:oak_sapling":7,"minecraft:netherrack":18,"minecraft:coal":165},"minecraft:crafted":{"minecraft:oak_door":3,"minecraft:oak_planks":160,"minecraft:furnace":4,"minecraft:cooked_mutton":7,"minecraft:terracotta":1,"minecraft:bow":2,"minecraft:iron_boots":2,"minecraft:iron_axe":1,"minecraft:stone_pickaxe":1,"minecraft:cooked_beef":2,"minecraft:arrow":12,"minecraft:crafting_table":3,"minecraft:iron_helmet":2,"minecraft:wooden_pickaxe":1,"minecraft:iron_sword":2,"minecraft:bucket":1,"minecraft:stone_axe":1,"minecraft:air":0,"minecraft:oak_boat":2,"minecraft:iron_chestplate":2,"minecraft:wooden_hoe":1,"minecraft:shield":1,"minecraft:stick":44,"minecraft:iron_ingot":123,"minecraft:iron_pickaxe":3,"minecraft:iron_shovel":1,"minecraft:wooden_axe":1,"minecraft:iron_leggings":2,"exoticbirds:cooked_birdmeat":12,"minecraft:gold_ingot":3,"minecraft:torch":68,"minecraft:clay":17,"minecraft:shears":1},"minecraft:killed":{"alexsmobs:tarantula_hawk":1,"minecraft:spider":15,"exoticbirds:roadrunner":1,"minecraft:skeleton":31,"minecraft:chicken":3,"alexsmobs:centipede_head":1,"minecraft:drowned":1,"minecraft:husk":6,"alexsmobs:guster":3,"exoticbirds:lyrebird":2,"exoticbirds:hummingbird":1,"minecraft:bat":1,"exoticbirds:ostrich":3,"minecraft:creeper":5,"alexsmobs:crimson_mosquito":2,"alexsmobs:emu":2,"exoticbirds:penguin":2,"minecraft:zombie":17,"alexsmobs:cockroach":4,"alexsmobs:gazelle":3,"alexsmobs:roadrunner":1,"alexsmobs:fly":2,"alexsmobs:crow":1,"minecraft:enderman":1,"minecraft:cow":3},"minecraft:used":{"minecraft:iron_shovel":39,"minecraft:shield":61,"minecraft:iron_sword":269,"minecraft:stone_hoe":32,"minecraft:netherrack":8,"minecraft:oak_door":5,"minecraft:torch":104,"minecraft:dirt":27,"minecraft:carrot":255,"minecraft:wooden_axe":7,"minecraft:lava_bucket":12,"farmersdelight:tomato":4,"minecraft:iron_axe":4,"minecraft:bow":35,"alexsmobs:lobster_bucket":1,"minecraft:oak_sapling":6,"minecraft:furnace":9,"minecraft:cooked_beef":2,"farmersdelight:tomato_seeds":1,"minecraft:cooked_mutton":7,"minecraft:water_bucket":90,"minecraft:stone_pickaxe":109,"minecraft:oak_planks":82,"minecraft:wooden_pickaxe":6,"minecraft:sand":12,"minecraft:crafting_table":7,"minecraft:wooden_hoe":67,"minecraft:bread":25,"minecraft:iron_pickaxe":494,"minecraft:gravel":17,"minecraft:stone_axe":83,"minecraft:fishing_rod":1,"exoticbirds:cooked_birdmeat":9,"minecraft:cobblestone":56,"minecraft:bucket":104,"minecraft:oak_boat":4,"alexsmobs:animal_dictionary":2},"minecraft:custom":{"minecraft:mob_kills":115,"minecraft:interact_with_crafting_table":37,"minecraft:leave_game":2,"minecraft:time_since_death":37295,"minecraft:climb_one_cm":40,"minecraft:sprint_one_cm":489345,"minecraft:walk_one_cm":293537,"minecraft:drop":27,"minecraft:talked_to_villager":3,"minecraft:sneak_time":12046,"minecraft:deaths":7,"minecraft:walk_under_water_one_cm":32726,"minecraft:boat_one_cm":128437,"minecraft:jump":4441,"minecraft:walk_on_water_one_cm":53432,"minecraft:interact_with_furnace":82,"minecraft:play_one_minute":156855,"minecraft:sleep_in_bed":7,"minecraft:time_since_rest":1417,"minecraft:damage_taken":4052,"minecraft:damage_dealt":18943,"minecraft:player_kills":2,"minecraft:swim_one_cm":125909,"minecraft:fly_one_cm":1042112,"minecraft:open_chest":67,"minecraft:crouch_one_cm":32750,"minecraft:fish_caught":1,"minecraft:fall_one_cm":112546,"minecraft:horse_one_cm":2792},"minecraft:dropped":{"minecraft:water_bucket":1,"minecraft:iron_ingot":8,"minecraft:iron_sword":1,"minecraft:wheat_seeds":4,"minecraft:cobblestone":29,"minecraft:diorite":5,"minecraft:torch":1,"minecraft:mutton":3,"minecraft:wooden_axe":2,"minecraft:sand":1,"minecraft:iron_pickaxe":1,"minecraft:gravel":1,"alexsmobs:maggot":1,"minecraft:rotten_flesh":6,"minecraft:salmon":1,"minecraft:carrot":32,"minecraft:filled_map":1,"minecraft:poppy":3,"exoticbirds:raw_birdmeat":1,"minecraft:wooden_pickaxe":1,"dead_guys_untitled_deep_dark_:cold_sculk_prairie":1}},"DataVersion":2586}