{"stats":{"minecraft:custom":{"minecraft:interact_with_crafting_table":84,"minecraft:bell_ring":152,"minecraft:leave_game":7,"minecraft:time_since_death":22623,"minecraft:sprint_one_cm":1272490,"minecraft:drop":80,"minecraft:talked_to_villager":12,"minecraft:deaths":14,"minecraft:jump":10278,"minecraft:walk_on_water_one_cm":106106,"minecraft:interact_with_furnace":189,"minecraft:play_one_minute":418861,"minecraft:sleep_in_bed":12,"minecraft:damage_dealt":43030,"minecraft:player_kills":11,"minecraft:crouch_one_cm":45485,"minecraft:horse_one_cm":2792,"minecraft:interact_with_smithing_table":2,"minecraft:interact_with_anvil":2,"minecraft:mob_kills":352,"minecraft:climb_one_cm":20776,"minecraft:walk_one_cm":749911,"minecraft:sneak_time":16914,"minecraft:walk_under_water_one_cm":54888,"minecraft:boat_one_cm":587620,"minecraft:time_since_rest":790,"minecraft:damage_taken":9372,"minecraft:swim_one_cm":207299,"minecraft:fly_one_cm":2335745,"minecraft:open_chest":305,"minecraft:fish_caught":1,"minecraft:fall_one_cm":268705},"minecraft:broken":{"minecraft:iron_shovel":1,"minecraft:iron_boots":2,"minecraft:iron_chestplate":1,"minecraft:iron_leggings":1,"minecraft:stone_axe":1,"minecraft:shield":1,"minecraft:iron_axe":1,"minecraft:iron_pickaxe":2,"minecraft:iron_helmet":3,"minecraft:wooden_hoe":1},"minecraft:picked_up":{"minecraft:wooden_axe":1,"minecraft:iron_chestplate":2,"cgm:basic_bullet":640,"minecraft:anvil":1,"minecraft:smithing_table":2,"minecraft:brown_bed":2,"alexsmobs:gazelle_horn":2,"minecraft:string":27,"minecraft:experience_bottle":1,"minecraft:beetroot":2,"alexsmobs:blood_sac":1,"alexsmobs:emu_feather":2,"minecraft:gold_nugget":30,"minecraft:melon_slice":13,"farmersdelight:cabbage_seeds":4,"minecraft:furnace":8,"minecraft:stick":9,"minecraft:birch_trapdoor":1,"minecraft:torch":85,"alexsmobs:lobster_bucket":1,"minecraft:sandstone_wall":1,"minecraft:diorite":6,"alexsmobs:centipede_leg":4,"additionalguns:magnum":1,"minecraft:light_gray_bed":2,"minecraft:rotten_flesh":59,"minecraft:snowball":48,"minecraft:cobblestone":369,"minecraft:feather":17,"minecraft:water_bucket":1,"minecraft:andesite":5,"minecraft:black_bed":1,"minecraft:potato":36,"minecraft:flint":5,"minecraft:light_gray_dye":2,"minecraft:lapis_lazuli":113,"farmersdelight:tomato":4,"minecraft:dirt":334,"minecraft:bone":87,"minecraft:bow":2,"minecraft:wheat_seeds":15,"minecraft:bell":6,"minecraft:stone_hoe":1,"minecraft:oak_planks":64,"minecraft:sand":45,"minecraft:ink_sac":1,"minecraft:grass_block":2,"dead_guys_untitled_deep_dark_:cold_sculk_prairie":6,"cgm:pistol":2,"minecraft:light_gray_concrete":10,"alexsmobs:guster_eye":1,"minecraft:clay":8,"minecraft:diamond":2,"minecraft:granite":10,"minecraft:white_concrete":2,"alexsmobs:moose_ribs":5,"minecraft:bread":96,"alexsmobs:maggot":7,"minecraft:oak_sapling":9,"minecraft:netherrack":18,"minecraft:crafting_table":7,"minecraft:chicken":6,"minecraft:ladder":4,"minecraft:clay_ball":68,"dead_guys_untitled_deep_dark_:dahlia_petal":3,"minecraft:red_bed":1,"minecraft:cartography_table":1,"minecraft:beef":5,"minecraft:oak_boat":10,"minecraft:poppy":7,"minecraft:sugar_cane":17,"minecraft:sandstone":27,"minecraft:oak_door":4,"dead_guys_untitled_deep_dark_:cold_deep_stone":5,"farmersdelight:tomato_seeds":1,"minecraft:carrot":384,"minecraft:redstone":17,"minecraft:arrow":75,"minecraft:beetroot_seeds":2,"cgm:assault_rifle":4,"minecraft:hay_block":1,"minecraft:sandstone_stairs":8,"minecraft:mutton":3,"exoticbirds:raw_birdmeat":21,"minecraft:white_wool":5,"minecraft:oxeye_daisy":1,"minecraft:salmon":1,"minecraft:leather":1,"minecraft:birch_planks":28,"minecraft:oak_log":35,"minecraft:gunpowder":63,"alexsmobs:cockroach_wing_fragment":4,"minecraft:iron_ingot":38,"minecraft:stone_pickaxe":2,"minecraft:iron_ore":379,"minecraft:iron_sword":1,"minecraft:pumpkin":1,"minecraft:quartz":4,"minecraft:gravel":34,"minecraft:gold_ore":38,"minecraft:spider_eye":5,"minecraft:white_concrete_powder":4,"minecraft:black_wool":1,"minecraft:terracotta":8,"minecraft:damaged_anvil":1,"cgm:workbench":1,"minecraft:coal":275,"minecraft:ender_pearl":2},"minecraft:mined":{"minecraft:spruce_planks":1,"minecraft:oak_sapling":1,"minecraft:granite":9,"minecraft:grass_block":34,"minecraft:light_gray_bed":3,"minecraft:white_concrete":2,"minecraft:sandstone_stairs":7,"minecraft:iron_ore":325,"minecraft:fire":6,"dead_guys_untitled_deep_dark_:cold_deep_stone":6,"minecraft:anvil":1,"minecraft:brown_bed":2,"minecraft:light_gray_concrete":8,"minecraft:red_bed":1,"minecraft:crimson_nylium":2,"minecraft:clay":17,"minecraft:torch":4,"minecraft:melon":3,"minecraft:dead_bush":4,"minecraft:nether_quartz_ore":1,"minecraft:cobblestone":8,"minecraft:sugar_cane":6,"minecraft:oak_planks":31,"minecraft:damaged_anvil":1,"minecraft:wall_torch":5,"minecraft:birch_trapdoor":1,"minecraft:black_bed":1,"minecraft:grass":53,"minecraft:oak_log":35,"minecraft:sand":43,"minecraft:dirt":343,"minecraft:sandstone_wall":1,"minecraft:netherrack":19,"minecraft:oak_leaves":10,"minecraft:nether_gold_ore":9,"minecraft:diamond_ore":2,"minecraft:oak_door":2,"farmersdelight:wild_carrots":11,"minecraft:ladder":4,"farmersdelight:wild_cabbages":2,"minecraft:cartography_table":1,"minecraft:sandstone":25,"minecraft:white_concrete_powder":4,"cgm:workbench":1,"minecraft:redstone_ore":4,"minecraft:furnace":7,"minecraft:carrots":92,"minecraft:andesite":6,"minecraft:bell":5,"minecraft:potatoes":11,"minecraft:stone":253,"minecraft:smithing_table":2,"minecraft:crafting_table":7,"minecraft:tall_grass":18,"minecraft:lapis_ore":19,"minecraft:diorite":5,"farmersdelight:wild_beetroots":2,"minecraft:birch_planks":18,"minecraft:birch_leaves":2,"minecraft:yellow_bed":1,"minecraft:black_wool":1,"minecraft:coal_ore":204,"minecraft:gravel":41,"minecraft:gold_ore":40,"minecraft:birch_fence":1},"minecraft:dropped":{"minecraft:iron_sword":2,"minecraft:birch_planks":10,"minecraft:sandstone_stairs":2,"minecraft:dirt":13,"minecraft:mutton":3,"minecraft:snowball":32,"minecraft:bone_meal":2,"minecraft:sand":3,"minecraft:iron_pickaxe":1,"minecraft:oak_door":2,"minecraft:gravel":1,"cgm:pistol":2,"minecraft:rotten_flesh":14,"minecraft:oak_planks":13,"minecraft:carrot":32,"minecraft:salmon":1,"cgm:assault_rifle":3,"minecraft:poppy":7,"minecraft:gunpowder":2,"minecraft:beetroot_seeds":2,"minecraft:ladder":1,"minecraft:water_bucket":1,"minecraft:iron_ingot":9,"minecraft:wheat_seeds":12,"dead_guys_untitled_deep_dark_:cold_deep_stone":1,"minecraft:cobblestone":29,"minecraft:grass_block":1,"additionalguns:magnum":1,"minecraft:diorite":6,"minecraft:torch":2,"minecraft:wooden_hoe":1,"minecraft:wooden_axe":2,"minecraft:melon_slice":1,"minecraft:iron_shovel":1,"alexsmobs:maggot":1,"dead_guys_untitled_deep_dark_:dahlia_petal":1,"farmersdelight:cabbage_seeds":4,"minecraft:chicken":1,"minecraft:light_gray_concrete":4,"minecraft:filled_map":2,"alexsmobs:cockroach_wing_fragment":1,"minecraft:iron_chestplate":1,"exoticbirds:raw_birdmeat":3,"minecraft:sandstone":1,"minecraft:stone_pickaxe":2,"minecraft:wooden_pickaxe":1,"dead_guys_untitled_deep_dark_:cold_sculk_prairie":5},"minecraft:crafted":{"minecraft:black_dye":1,"minecraft:light_gray_concrete_powder":8,"minecraft:oak_planks":180,"minecraft:cooked_chicken":2,"minecraft:cooked_mutton":7,"minecraft:bow":2,"minecraft:iron_boots":3,"minecraft:arrow":12,"minecraft:crafting_table":7,"chessmod:wood_chessboard":1,"minecraft:iron_helmet":3,"minecraft:wooden_pickaxe":1,"minecraft:iron_chestplate":4,"minecraft:wooden_hoe":2,"minecraft:shield":2,"minecraft:stick":60,"minecraft:iron_pickaxe":4,"minecraft:iron_ingot":299,"minecraft:gold_ingot":56,"minecraft:light_gray_dye":3,"minecraft:shears":1,"minecraft:oak_door":3,"minecraft:iron_nugget":135,"minecraft:furnace":7,"minecraft:bone_meal":63,"minecraft:terracotta":1,"minecraft:white_concrete_powder":8,"minecraft:iron_axe":2,"minecraft:stone_pickaxe":2,"cgm:workbench":2,"minecraft:cooked_beef":2,"minecraft:enchanting_table":1,"minecraft:iron_sword":2,"alexsmobs:cooked_moose_ribs":5,"minecraft:bucket":2,"minecraft:stone_axe":1,"minecraft:bread":12,"minecraft:air":0,"minecraft:blue_dye":1,"minecraft:oak_boat":4,"minecraft:white_wool":1,"minecraft:white_dye":3,"minecraft:birch_trapdoor":2,"minecraft:wooden_axe":1,"minecraft:iron_shovel":2,"exoticbirds:cooked_birdmeat":15,"minecraft:iron_leggings":4,"minecraft:torch":116,"minecraft:clay":17},"minecraft:used":{"minecraft:beetroot":2,"minecraft:iron_shovel":379,"minecraft:ladder":3,"minecraft:white_concrete_powder":9,"minecraft:shield":100,"minecraft:iron_sword":491,"minecraft:bell":6,"minecraft:carrot":387,"minecraft:lava_bucket":13,"farmersdelight:tomato":4,"minecraft:birch_trapdoor":3,"minecraft:bow":98,"minecraft:furnace":14,"minecraft:oak_sapling":7,"minecraft:potato":17,"minecraft:damaged_anvil":1,"minecraft:stone_pickaxe":115,"minecraft:oak_planks":91,"minecraft:ender_pearl":1,"minecraft:wooden_pickaxe":6,"minecraft:sandstone":20,"minecraft:sand":24,"minecraft:black_bed":1,"minecraft:melon_slice":2,"minecraft:bread":57,"minecraft:gravel":17,"cgm:assault_rifle":640,"alexsmobs:cooked_moose_ribs":5,"exoticbirds:cooked_birdmeat":15,"minecraft:smithing_table":2,"minecraft:oak_boat":14,"minecraft:bone_meal":49,"minecraft:sandstone_wall":1,"minecraft:stone_hoe":32,"minecraft:cooked_chicken":2,"minecraft:netherrack":18,"minecraft:oak_door":5,"minecraft:torch":215,"minecraft:dirt":202,"minecraft:anvil":1,"cgm:workbench":3,"minecraft:wooden_axe":7,"minecraft:iron_axe":231,"alexsmobs:lobster_bucket":5,"minecraft:cooked_beef":2,"farmersdelight:tomato_seeds":1,"minecraft:pumpkin":1,"minecraft:light_gray_bed":2,"minecraft:brown_bed":2,"minecraft:cooked_mutton":7,"minecraft:water_bucket":155,"minecraft:sandstone_stairs":6,"minecraft:birch_planks":5,"minecraft:crafting_table":13,"minecraft:red_bed":1,"minecraft:light_gray_concrete_powder":8,"minecraft:wooden_hoe":86,"minecraft:oxeye_daisy":1,"minecraft:iron_pickaxe":864,"minecraft:stone_axe":83,"minecraft:fishing_rod":1,"minecraft:cobblestone":96,"minecraft:bucket":175,"alexsmobs:animal_dictionary":2},"minecraft:killed_by":{"minecraft:creeper":3,"alexsmobs:cachalot_whale":1,"minecraft:zombie":1,"minecraft:player":2,"alexsmobs:guster":1,"minecraft:skeleton":1,"alexsmobs:moose":1},"minecraft:killed":{"alexsmobs:hummingbird":2,"minecraft:spider":45,"exoticbirds:roadrunner":2,"minecraft:skeleton":93,"minecraft:chicken":5,"alexsmobs:centipede_head":2,"minecraft:pig":3,"exoticbirds:hummingbird":2,"minecraft:zombie_villager":1,"minecraft:creeper":68,"alexsmobs:crimson_mosquito":3,"exoticbirds:penguin":2,"minecraft:zombie":70,"alexsmobs:roadrunner":1,"alexsmobs:fly":2,"minecraft:cow":3,"exoticbirds:peafowl":2,"alexsmobs:tarantula_hawk":1,"minecraft:drowned":2,"minecraft:husk":10,"alexsmobs:guster":4,"exoticbirds:lyrebird":2,"minecraft:bat":1,"exoticbirds:ostrich":3,"alexsmobs:emu":2,"alexsmobs:cockroach":4,"alexsmobs:gazelle":3,"alexsmobs:crow":1,"minecraft:villager":1,"minecraft:enderman":3}},"DataVersion":2586}