{"stats":{"minecraft:custom":{"minecraft:interact_with_furnace":32,"minecraft:mob_kills":59,"minecraft:interact_with_crafting_table":19,"minecraft:play_one_minute":124575,"minecraft:time_since_death":22136,"minecraft:sleep_in_bed":1,"minecraft:time_since_rest":22163,"minecraft:sprint_one_cm":211960,"minecraft:damage_taken":5517,"minecraft:walk_one_cm":264762,"minecraft:drop":24,"minecraft:damage_dealt":9781,"minecraft:swim_one_cm":6586,"minecraft:talked_to_villager":1,"minecraft:player_kills":6,"minecraft:fly_one_cm":605051,"minecraft:open_chest":28,"minecraft:crouch_one_cm":6506,"minecraft:deaths":11,"minecraft:sneak_time":1609,"minecraft:walk_under_water_one_cm":1411,"minecraft:jump":1608,"minecraft:walk_on_water_one_cm":3522,"minecraft:fall_one_cm":42954},"minecraft:broken":{"minecraft:stone_axe":1,"mowziesmobs:barakoa_mask_fear":1},"minecraft:picked_up":{"minecraft:wooden_axe":1,"minecraft:crafting_table":2,"minecraft:wheat":1,"minecraft:feather":31,"minecraft:andesite":12,"minecraft:brown_wool":1,"minecraft:wooden_pickaxe":1,"minecraft:birch_planks":1,"minecraft:oak_log":8,"minecraft:yellow_bed":3,"alexsmobs:gazelle_horn":1,"minecraft:wooden_hoe":1,"minecraft:string":5,"minecraft:dirt":140,"minecraft:bone":4,"minecraft:wheat_seeds":10,"minecraft:iron_ore":21,"minecraft:cobweb":1,"minecraft:chest":4,"minecraft:stone_hoe":1,"minecraft:oak_planks":13,"minecraft:furnace":3,"minecraft:egg":2,"minecraft:stick":6,"minecraft:torch":2,"minecraft:dandelion":2,"minecraft:sand":38,"minecraft:diorite":9,"minecraft:white_bed":3,"minecraft:carrot":28,"minecraft:gold_ore":3,"minecraft:spider_eye":2,"minecraft:arrow":6,"alexsmobs:guster_eye":2,"minecraft:rotten_flesh":58,"alexsmobs:rattlesnake_rattle":1,"mowziesmobs:barakoa_mask_fear":1,"minecraft:granite":9,"minecraft:oak_sapling":1,"minecraft:black_wool":1,"minecraft:mutton":6,"minecraft:coal":66,"exoticbirds:raw_birdmeat":3,"minecraft:white_wool":5,"minecraft:cobblestone":246},"minecraft:mined":{"minecraft:white_bed":3,"minecraft:grass_block":10,"minecraft:chest":4,"minecraft:cobblestone":2,"minecraft:oak_planks":6,"minecraft:diorite":9,"minecraft:wall_torch":1,"minecraft:carrots":12,"minecraft:iron_ore":21,"minecraft:fire":1,"minecraft:andesite":1,"minecraft:birch_leaves":1,"minecraft:yellow_bed":2,"minecraft:rail":1,"minecraft:coal_ore":2,"minecraft:grass":12,"minecraft:oak_log":8,"minecraft:dirt":60,"minecraft:cobweb":4,"minecraft:stone":175,"minecraft:oak_leaves":12},"minecraft:dropped":{"minecraft:stone_hoe":1,"alexsmobs:gazelle_horn":1,"minecraft:wheat_seeds":9,"minecraft:wheat":1,"minecraft:feather":31,"minecraft:rotten_flesh":6,"alexsmobs:rattlesnake_rattle":1,"minecraft:carrot":11,"minecraft:coal":21,"minecraft:cobweb":1,"minecraft:wooden_hoe":1,"minecraft:wooden_axe":1,"minecraft:brown_wool":1,"minecraft:spider_eye":2,"minecraft:iron_ore":24,"minecraft:arrow":1,"minecraft:stone_pickaxe":1},"minecraft:crafted":{"minecraft:cooked_beef":3,"minecraft:oak_planks":32,"minecraft:crafting_table":1,"minecraft:baked_potato":5,"minecraft:iron_sword":1,"minecraft:furnace":1,"minecraft:stone_axe":1,"minecraft:cooked_mutton":6,"minecraft:air":0,"minecraft:iron_boots":1,"minecraft:iron_chestplate":1,"minecraft:iron_axe":1,"minecraft:stick":4,"minecraft:iron_ingot":22,"minecraft:iron_pickaxe":1,"minecraft:stone_pickaxe":1,"minecraft:chest":1,"minecraft:iron_shovel":1,"exoticbirds:cooked_birdmeat":2,"minecraft:gold_ingot":3,"minecraft:torch":4},"minecraft:used":{"minecraft:cooked_mutton":6,"minecraft:diorite":8,"minecraft:iron_shovel":34,"minecraft:flint_and_steel":1,"minecraft:stone_pickaxe":44,"minecraft:baked_potato":5,"minecraft:oak_planks":12,"minecraft:chest":1,"minecraft:wooden_pickaxe":18,"minecraft:iron_sword":53,"minecraft:torch":3,"minecraft:dirt":76,"minecraft:sand":17,"minecraft:crafting_table":2,"minecraft:carrot":35,"minecraft:white_bed":3,"minecraft:black_wool":1,"minecraft:apple":8,"minecraft:iron_axe":56,"minecraft:bread":9,"minecraft:iron_pickaxe":157,"minecraft:stone_axe":71,"exoticbirds:cooked_birdmeat":2,"minecraft:cobblestone":2,"minecraft:furnace":2,"minecraft:andesite":1,"minecraft:yellow_bed":2,"alexsmobs:animal_dictionary":3,"minecraft:egg":1,"minecraft:cooked_beef":3,"minecraft:dandelion":2},"minecraft:killed_by":{"minecraft:player":8,"minecraft:skeleton":1,"minecraft:creeper":1,"alexsmobs:tarantula_hawk":1},"minecraft:killed":{"minecraft:husk":3,"alexsmobs:guster":12,"alexsmobs:tarantula_hawk":1,"minecraft:spider":4,"exoticbirds:roadrunner":1,"minecraft:sheep":5,"minecraft:skeleton":5,"minecraft:zombie":20,"exoticbirds:pigeon":1,"minecraft:cow":1}},"DataVersion":2586}