{"stats":{"minecraft:custom":{"minecraft:time_since_rest":7615,"minecraft:interact_with_furnace":6,"minecraft:sprint_one_cm":78847,"minecraft:damage_taken":1395,"minecraft:walk_one_cm":109688,"minecraft:mob_kills":32,"minecraft:drop":7,"minecraft:damage_dealt":4322,"minecraft:talked_to_villager":1,"minecraft:interact_with_crafting_table":4,"minecraft:fly_one_cm":372993,"minecraft:open_chest":17,"minecraft:crouch_one_cm":2365,"minecraft:play_one_minute":72446,"minecraft:sneak_time":250,"minecraft:jump":482,"minecraft:walk_on_water_one_cm":865,"minecraft:time_since_death":72446,"minecraft:sleep_in_bed":1,"minecraft:fall_one_cm":13593},"minecraft:mined":{"minecraft:white_bed":1,"minecraft:grass":4,"minecraft:grass_block":4,"minecraft:oak_log":4,"minecraft:dirt":25,"minecraft:stone":54,"minecraft:oak_planks":4,"minecraft:oak_leaves":7},"minecraft:used":{"minecraft:apple":8,"minecraft:bread":9,"minecraft:stone_pickaxe":38,"minecraft:baked_potato":5,"minecraft:oak_planks":12,"minecraft:wooden_pickaxe":18,"minecraft:stone_axe":61,"exoticbirds:cooked_birdmeat":2,"minecraft:dirt":15,"minecraft:sand":6,"minecraft:white_bed":1,"alexsmobs:animal_dictionary":3,"minecraft:cooked_beef":3},"minecraft:dropped":{"minecraft:rotten_flesh":6,"minecraft:arrow":1},"minecraft:picked_up":{"minecraft:feather":2,"minecraft:wooden_pickaxe":1,"minecraft:sand":17,"minecraft:oak_log":4,"minecraft:white_bed":1,"minecraft:dirt":47,"minecraft:bone":2,"minecraft:arrow":2,"alexsmobs:guster_eye":2,"minecraft:rotten_flesh":17,"mowziesmobs:barakoa_mask_fear":1,"minecraft:oak_planks":3,"exoticbirds:raw_birdmeat":3,"minecraft:cobblestone":47},"minecraft:broken":{"mowziesmobs:barakoa_mask_fear":1},"minecraft:killed":{"minecraft:skeleton":3,"minecraft:husk":3,"alexsmobs:guster":12,"minecraft:zombie":9,"exoticbirds:pigeon":1,"exoticbirds:roadrunner":1},"minecraft:crafted":{"minecraft:cooked_beef":3,"minecraft:oak_planks":16,"minecraft:stick":4,"minecraft:baked_potato":5,"minecraft:stone_pickaxe":1,"exoticbirds:cooked_birdmeat":2,"minecraft:stone_axe":1,"minecraft:air":0}},"DataVersion":2586}