{"stats":{"minecraft:custom":{"minecraft:time_since_rest":26977,"minecraft:interact_with_furnace":2,"minecraft:sprint_one_cm":40937,"minecraft:damage_taken":460,"minecraft:walk_one_cm":41824,"minecraft:mob_kills":4,"minecraft:drop":1,"minecraft:damage_dealt":538,"minecraft:interact_with_crafting_table":3,"minecraft:fly_one_cm":48787,"minecraft:open_chest":2,"minecraft:crouch_one_cm":58,"minecraft:play_one_minute":26977,"minecraft:sneak_time":4,"minecraft:jump":300,"minecraft:time_since_death":26977,"minecraft:climb_one_cm":3006,"minecraft:fall_one_cm":7226},"minecraft:mined":{"minecraft:carrots":11,"minecraft:wheat":11,"minecraft:crafting_table":1,"minecraft:grass":1,"minecraft:potatoes":2,"minecraft:oak_log":7,"minecraft:chest":1,"minecraft:cobblestone":7},"minecraft:used":{"minecraft:wooden_axe":2,"minecraft:stone_sword":39,"minecraft:stone_pickaxe":2,"minecraft:wooden_pickaxe":5,"minecraft:cobblestone":2,"minecraft:crafting_table":1,"minecraft:carrot":30,"alexsmobs:animal_dictionary":2},"minecraft:dropped":{"minecraft:wheat_seeds":14},"minecraft:picked_up":{"minecraft:crafting_table":1,"minecraft:wheat":2,"minecraft:chicken":1,"minecraft:brown_wool":1,"minecraft:potato":5,"minecraft:oak_log":7,"minecraft:carrot":32,"minecraft:rotten_flesh":3,"minecraft:wheat_seeds":14,"minecraft:iron_ingot":1,"minecraft:iron_ore":24,"minecraft:gray_wool":1,"minecraft:chest":1,"minecraft:mutton":2,"minecraft:coal":21,"minecraft:cobblestone":7},"minecraft:crafted":{"minecraft:oak_planks":24,"minecraft:crafting_table":1,"minecraft:stick":12,"minecraft:wooden_pickaxe":1,"minecraft:stone_pickaxe":1,"minecraft:wooden_axe":1,"minecraft:stone_sword":1},"minecraft:killed":{"minecraft:sheep":1,"minecraft:zombie":2,"minecraft:chicken":1}},"DataVersion":2586}