{"stats":{"minecraft:custom":{"minecraft:interact_with_furnace":18,"minecraft:mob_kills":29,"minecraft:interact_with_crafting_table":7,"minecraft:play_one_minute":63281,"minecraft:leave_game":1,"minecraft:time_since_death":63281,"minecraft:climb_one_cm":4886,"minecraft:time_since_rest":63281,"minecraft:sprint_one_cm":138127,"minecraft:damage_taken":1712,"minecraft:walk_one_cm":134752,"minecraft:drop":19,"minecraft:damage_dealt":4596,"minecraft:fly_one_cm":123671,"minecraft:open_chest":2,"minecraft:crouch_one_cm":2897,"minecraft:sneak_time":1000,"minecraft:walk_under_water_one_cm":316,"minecraft:jump":791,"minecraft:walk_on_water_one_cm":866,"minecraft:fall_one_cm":18196},"minecraft:picked_up":{"minecraft:crafting_table":3,"minecraft:wheat":2,"minecraft:feather":3,"minecraft:chicken":1,"minecraft:andesite":1,"minecraft:brown_wool":2,"minecraft:leather":3,"minecraft:potato":5,"minecraft:oak_log":7,"minecraft:gunpowder":2,"minecraft:string":3,"minecraft:dirt":12,"minecraft:bone":7,"minecraft:wheat_seeds":15,"minecraft:bell":1,"minecraft:iron_ingot":1,"minecraft:beef":10,"minecraft:iron_ore":38,"minecraft:minecart":1,"minecraft:chest":2,"minecraft:oak_planks":3,"minecraft:furnace":1,"minecraft:sandstone":2,"minecraft:torch":9,"minecraft:porkchop":4,"minecraft:sand":2,"farmersdelight:tomato_seeds":3,"minecraft:diorite":4,"minecraft:carrot":32,"minecraft:spider_eye":1,"minecraft:stone_sword":2,"minecraft:arrow":6,"minecraft:rotten_flesh":10,"minecraft:beetroot_seeds":9,"minecraft:granite":2,"minecraft:gray_wool":1,"alexsmobs:maggot":2,"minecraft:melon_seeds":4,"minecraft:mutton":5,"minecraft:white_wool":2,"minecraft:coal":26,"exoticbirds:raw_birdmeat":1,"minecraft:rail":2,"minecraft:cobblestone":23},"minecraft:mined":{"minecraft:crafting_table":3,"minecraft:torch":9,"minecraft:granite":1,"minecraft:grass_block":1,"minecraft:chest":1,"minecraft:cobblestone":19,"minecraft:sandstone":3,"minecraft:diorite":3,"minecraft:spawner":1,"minecraft:furnace":1,"minecraft:carrots":11,"minecraft:iron_ore":14,"minecraft:wheat":11,"minecraft:andesite":1,"minecraft:bell":1,"minecraft:grass":4,"minecraft:coal_ore":5,"minecraft:potatoes":2,"minecraft:oak_log":9,"minecraft:sand":2,"minecraft:dirt":1,"minecraft:stone":6},"minecraft:dropped":{"farmersdelight:tomato_seeds":3,"alexsmobs:maggot":2,"minecraft:wheat_seeds":15,"minecraft:stone_sword":1,"minecraft:feather":3,"minecraft:granite":1,"minecraft:diorite":1,"minecraft:melon_seeds":4,"minecraft:beetroot_seeds":6,"minecraft:brown_wool":2,"minecraft:iron_leggings":1,"minecraft:spider_eye":1,"minecraft:white_wool":1},"minecraft:crafted":{"minecraft:oak_planks":28,"minecraft:crafting_table":2,"minecraft:wooden_pickaxe":1,"minecraft:baked_potato":5,"minecraft:cooked_chicken":1,"minecraft:iron_sword":1,"minecraft:cooked_mutton":2,"minecraft:air":0,"minecraft:iron_chestplate":1,"minecraft:shield":1,"minecraft:stick":12,"minecraft:iron_ingot":25,"minecraft:stone_pickaxe":1,"minecraft:wooden_axe":1,"minecraft:stone_sword":1,"exoticbirds:cooked_birdmeat":1,"minecraft:iron_leggings":2},"minecraft:used":{"minecraft:cooked_mutton":2,"minecraft:diorite":3,"minecraft:stone_sword":90,"minecraft:stone_pickaxe":56,"minecraft:baked_potato":3,"minecraft:oak_planks":2,"minecraft:wooden_pickaxe":5,"minecraft:shield":7,"minecraft:sandstone":2,"minecraft:iron_sword":54,"minecraft:cooked_chicken":1,"minecraft:rotten_flesh":8,"minecraft:white_wool":1,"minecraft:torch":1,"minecraft:dirt":2,"minecraft:sand":2,"minecraft:crafting_table":4,"minecraft:carrot":68,"minecraft:granite":1,"minecraft:wooden_axe":9,"exoticbirds:cooked_birdmeat":1,"minecraft:cobblestone":18,"minecraft:andesite":1,"alexsmobs:animal_dictionary":2},"minecraft:killed":{"minecraft:pig":2,"minecraft:spider":2,"minecraft:creeper":1,"minecraft:sheep":3,"minecraft:skeleton":7,"minecraft:zombie":7,"minecraft:chicken":1,"alexsmobs:fly":1,"minecraft:cow":5}},"DataVersion":2586}