{"stats":{"minecraft:custom":{"minecraft:interact_with_furnace":75,"minecraft:mob_kills":58,"minecraft:interact_with_crafting_table":46,"minecraft:play_one_minute":104298,"minecraft:bell_ring":14,"minecraft:leave_game":2,"minecraft:time_since_death":37895,"minecraft:climb_one_cm":4886,"minecraft:time_since_rest":37921,"minecraft:sprint_one_cm":237345,"minecraft:damage_taken":2863,"minecraft:walk_one_cm":252938,"minecraft:drop":52,"minecraft:damage_dealt":9413,"minecraft:fly_one_cm":225610,"minecraft:open_chest":7,"minecraft:crouch_one_cm":3495,"minecraft:deaths":1,"minecraft:sneak_time":1225,"minecraft:walk_under_water_one_cm":1014,"minecraft:jump":1368,"minecraft:walk_on_water_one_cm":1362,"minecraft:fall_one_cm":37585},"minecraft:broken":{"minecraft:iron_sword":1},"minecraft:picked_up":{"minecraft:birch_log":2,"minecraft:crafting_table":6,"minecraft:wheat":2,"minecraft:feather":5,"minecraft:chicken":1,"minecraft:andesite":12,"minecraft:brown_wool":2,"minecraft:leather":3,"minecraft:potato":6,"minecraft:oak_log":14,"minecraft:gunpowder":6,"minecraft:dirt":33,"minecraft:string":54,"minecraft:cooked_mutton":3,"minecraft:bone":17,"minecraft:wheat_seeds":17,"minecraft:bell":1,"minecraft:iron_ingot":3,"minecraft:beef":10,"minecraft:iron_ore":58,"minecraft:minecart":1,"minecraft:chest":2,"minecraft:oak_planks":3,"minecraft:furnace":2,"minecraft:stick":2,"minecraft:sandstone":2,"minecraft:torch":20,"minecraft:porkchop":4,"minecraft:sand":2,"farmersdelight:tomato_seeds":3,"minecraft:diorite":4,"minecraft:carrot":32,"alexsmobs:guster_eye":2,"minecraft:spider_eye":7,"minecraft:stone_sword":3,"minecraft:arrow":9,"minecraft:rotten_flesh":28,"minecraft:beetroot_seeds":12,"minecraft:granite":11,"minecraft:gray_wool":1,"minecraft:emerald":2,"alexsmobs:maggot":4,"minecraft:oak_sapling":1,"minecraft:melon_seeds":4,"minecraft:mutton":5,"minecraft:white_wool":7,"minecraft:coal":43,"exoticbirds:raw_birdmeat":1,"minecraft:rail":3,"minecraft:cobblestone":55},"minecraft:mined":{"minecraft:crafting_table":6,"minecraft:torch":9,"minecraft:granite":1,"minecraft:grass_block":1,"minecraft:chest":1,"minecraft:cobblestone":20,"minecraft:sandstone":3,"minecraft:diorite":3,"minecraft:wall_torch":11,"minecraft:spawner":2,"minecraft:furnace":2,"minecraft:carrots":11,"minecraft:birch_log":3,"minecraft:iron_ore":36,"minecraft:wheat":11,"minecraft:andesite":1,"minecraft:bell":1,"minecraft:grass":16,"minecraft:potatoes":2,"minecraft:coal_ore":26,"minecraft:oak_log":16,"minecraft:sand":2,"minecraft:dirt":3,"minecraft:cobweb":21,"minecraft:stone":18},"minecraft:dropped":{"farmersdelight:tomato_seeds":3,"minecraft:iron_ingot":5,"alexsmobs:maggot":4,"minecraft:wheat_seeds":17,"minecraft:cooked_beef":2,"minecraft:stone_sword":3,"minecraft:feather":5,"minecraft:rotten_flesh":2,"minecraft:granite":1,"minecraft:cooked_mutton":6,"minecraft:shield":1,"minecraft:diorite":1,"minecraft:wooden_axe":1,"minecraft:melon_seeds":4,"minecraft:beetroot_seeds":9,"minecraft:brown_wool":2,"minecraft:oak_sapling":1,"minecraft:iron_leggings":1,"minecraft:spider_eye":7,"minecraft:iron_axe":1,"minecraft:stone_pickaxe":1,"minecraft:birch_log":2,"minecraft:white_wool":1},"minecraft:crafted":{"minecraft:cooked_beef":10,"minecraft:oak_planks":56,"minecraft:cooked_porkchop":4,"minecraft:crafting_table":3,"minecraft:iron_helmet":1,"minecraft:baked_potato":6,"minecraft:wooden_pickaxe":1,"minecraft:cooked_chicken":1,"minecraft:iron_sword":2,"minecraft:furnace":2,"minecraft:cooked_mutton":5,"minecraft:air":0,"minecraft:iron_boots":1,"minecraft:iron_chestplate":1,"minecraft:shield":2,"minecraft:iron_axe":2,"minecraft:stick":20,"minecraft:iron_pickaxe":1,"minecraft:iron_ingot":52,"minecraft:stone_pickaxe":1,"minecraft:wooden_axe":1,"minecraft:stone_sword":1,"exoticbirds:cooked_birdmeat":1,"minecraft:iron_leggings":2},"minecraft:used":{"minecraft:cooked_mutton":2,"minecraft:diorite":3,"minecraft:stone_sword":90,"minecraft:stone_pickaxe":107,"minecraft:baked_potato":6,"minecraft:oak_planks":2,"minecraft:chest":1,"minecraft:wooden_pickaxe":5,"minecraft:shield":15,"minecraft:sandstone":2,"minecraft:iron_sword":325,"minecraft:bell":1,"minecraft:cooked_chicken":1,"minecraft:rotten_flesh":19,"minecraft:white_wool":2,"minecraft:torch":20,"minecraft:dirt":22,"minecraft:sand":2,"minecraft:crafting_table":8,"minecraft:carrot":68,"minecraft:granite":1,"minecraft:wooden_axe":22,"minecraft:iron_axe":1,"minecraft:iron_pickaxe":11,"exoticbirds:cooked_birdmeat":1,"minecraft:cobblestone":18,"minecraft:furnace":2,"minecraft:cooked_porkchop":1,"minecraft:andesite":1,"alexsmobs:animal_dictionary":2,"minecraft:cooked_beef":6},"minecraft:killed_by":{"minecraft:player":1},"minecraft:killed":{"minecraft:cave_spider":7,"minecraft:pig":2,"minecraft:spider":6,"minecraft:creeper":1,"minecraft:sheep":3,"minecraft:skeleton":10,"minecraft:zombie":20,"minecraft:chicken":3,"alexsmobs:fly":1,"minecraft:cow":5}},"DataVersion":2586}