{"stats":{"minecraft:custom":{"minecraft:mob_kills":91,"minecraft:interact_with_crafting_table":62,"minecraft:bell_ring":14,"minecraft:leave_game":2,"minecraft:time_since_death":12181,"minecraft:climb_one_cm":4886,"minecraft:sprint_one_cm":318897,"minecraft:walk_one_cm":388098,"minecraft:drop":100,"minecraft:deaths":11,"minecraft:sneak_time":2449,"minecraft:walk_under_water_one_cm":1014,"minecraft:jump":1777,"minecraft:walk_on_water_one_cm":4827,"minecraft:interact_with_furnace":80,"minecraft:play_one_minute":152298,"minecraft:time_since_rest":12217,"minecraft:damage_taken":6094,"minecraft:damage_dealt":14953,"minecraft:player_kills":1,"minecraft:fly_one_cm":302149,"minecraft:open_chest":7,"minecraft:crouch_one_cm":7662,"minecraft:fall_one_cm":48036},"minecraft:broken":{"minecraft:iron_boots":1,"minecraft:iron_chestplate":1,"minecraft:iron_leggings":1,"minecraft:iron_sword":1,"minecraft:iron_pickaxe":2,"minecraft:iron_helmet":1},"minecraft:picked_up":{"minecraft:crafting_table":9,"minecraft:wheat":2,"minecraft:chicken":1,"minecraft:string":63,"minecraft:beef":10,"minecraft:iron_pickaxe":3,"minecraft:minecart":2,"minecraft:chest":2,"minecraft:furnace":3,"minecraft:sandstone":2,"minecraft:stick":2,"minecraft:torch":24,"minecraft:porkchop":4,"farmersdelight:tomato_seeds":3,"minecraft:diorite":6,"minecraft:carrot":32,"minecraft:redstone":122,"minecraft:dark_oak_planks":1,"minecraft:stone_sword":3,"minecraft:arrow":9,"minecraft:rotten_flesh":43,"minecraft:beetroot_seeds":12,"minecraft:mutton":5,"minecraft:rail":3,"exoticbirds:raw_birdmeat":1,"minecraft:white_wool":7,"minecraft:cobblestone":326,"minecraft:birch_log":8,"minecraft:feather":5,"minecraft:cooked_beef":2,"minecraft:andesite":65,"minecraft:leather":3,"minecraft:brown_wool":2,"minecraft:potato":6,"minecraft:oak_log":14,"minecraft:gunpowder":6,"minecraft:dirt":73,"minecraft:cooked_mutton":3,"minecraft:bone":24,"minecraft:wheat_seeds":29,"minecraft:bell":1,"minecraft:iron_ingot":7,"minecraft:iron_ore":80,"minecraft:cobweb":2,"minecraft:oak_planks":3,"minecraft:gravel":1,"minecraft:sand":2,"minecraft:gold_ore":4,"minecraft:dark_oak_log":54,"minecraft:spider_eye":16,"minecraft:iron_hoe":1,"alexsmobs:guster_eye":2,"minecraft:granite":27,"minecraft:gray_wool":1,"minecraft:emerald":2,"alexsmobs:maggot":4,"minecraft:oak_sapling":1,"minecraft:melon_seeds":4,"minecraft:coal":43},"minecraft:dropped":{"farmersdelight:tomato_seeds":3,"minecraft:iron_ingot":5,"minecraft:wheat_seeds":29,"minecraft:cooked_beef":4,"minecraft:minecart":1,"minecraft:feather":5,"minecraft:granite":26,"minecraft:cobweb":2,"minecraft:gray_wool":1,"minecraft:diorite":1,"minecraft:wooden_axe":1,"minecraft:brown_wool":2,"minecraft:iron_leggings":1,"minecraft:iron_axe":1,"minecraft:iron_pickaxe":3,"minecraft:dark_oak_planks":4,"minecraft:birch_log":2,"minecraft:white_wool":1,"minecraft:gravel":1,"alexsmobs:maggot":4,"alexsmobs:animal_dictionary":1,"minecraft:stone_sword":3,"minecraft:wheat":2,"minecraft:rotten_flesh":2,"minecraft:iron_hoe":2,"minecraft:cooked_mutton":6,"minecraft:shield":1,"minecraft:gunpowder":6,"minecraft:andesite":64,"minecraft:beetroot_seeds":12,"minecraft:melon_seeds":4,"minecraft:chest":1,"minecraft:oak_sapling":1,"minecraft:spider_eye":16,"minecraft:arrow":9,"minecraft:wooden_pickaxe":1,"minecraft:stone_pickaxe":1},"minecraft:mined":{"minecraft:dark_oak_planks":2,"minecraft:dark_oak_leaves":19,"minecraft:dark_oak_log":61,"minecraft:granite":17,"minecraft:grass_block":25,"minecraft:sandstone":3,"minecraft:spawner":3,"minecraft:redstone_ore":28,"minecraft:furnace":3,"minecraft:carrots":11,"minecraft:iron_ore":59,"minecraft:andesite":55,"minecraft:bell":1,"minecraft:potatoes":2,"minecraft:stone":370,"dead_guys_untitled_deep_dark_:cold_sculk":9,"minecraft:crafting_table":10,"minecraft:torch":9,"minecraft:chest":1,"minecraft:cobblestone":27,"minecraft:diorite":11,"minecraft:wall_torch":12,"minecraft:birch_log":9,"minecraft:wheat":11,"minecraft:grass":33,"minecraft:oak_log":24,"minecraft:coal_ore":26,"minecraft:gravel":1,"minecraft:sand":2,"minecraft:dirt":3,"minecraft:cobweb":24,"minecraft:gold_ore":4,"minecraft:oak_leaves":84},"minecraft:crafted":{"minecraft:oak_planks":56,"minecraft:cooked_chicken":1,"minecraft:furnace":2,"minecraft:cooked_mutton":5,"minecraft:iron_boots":1,"minecraft:iron_axe":2,"minecraft:iron_hoe":1,"minecraft:stone_pickaxe":1,"minecraft:dark_oak_planks":214,"minecraft:cooked_beef":10,"minecraft:cooked_porkchop":4,"minecraft:dark_oak_stairs":20,"minecraft:crafting_table":3,"minecraft:wooden_pickaxe":1,"minecraft:baked_potato":6,"minecraft:iron_helmet":1,"minecraft:iron_sword":3,"minecraft:birch_planks":24,"minecraft:air":0,"minecraft:iron_chestplate":1,"minecraft:shield":2,"minecraft:stick":52,"minecraft:iron_ingot":61,"minecraft:iron_pickaxe":3,"minecraft:wooden_axe":1,"minecraft:stone_sword":1,"minecraft:iron_shovel":1,"exoticbirds:cooked_birdmeat":1,"minecraft:iron_leggings":2,"minecraft:torch":108},"minecraft:used":{"minecraft:stone_sword":90,"minecraft:iron_shovel":109,"minecraft:chest":1,"minecraft:shield":39,"minecraft:iron_sword":500,"minecraft:bell":1,"minecraft:cooked_chicken":1,"minecraft:rotten_flesh":36,"minecraft:torch":48,"minecraft:dirt":24,"minecraft:carrot":68,"minecraft:granite":1,"minecraft:dark_oak_planks":1,"minecraft:iron_hoe":6,"minecraft:wooden_axe":22,"minecraft:iron_axe":89,"minecraft:furnace":3,"minecraft:cooked_beef":6,"minecraft:cooked_mutton":2,"minecraft:diorite":3,"minecraft:oak_planks":2,"minecraft:stone_pickaxe":107,"minecraft:baked_potato":6,"minecraft:wooden_pickaxe":5,"minecraft:sandstone":2,"minecraft:white_wool":2,"minecraft:sand":2,"minecraft:crafting_table":11,"minecraft:iron_pickaxe":516,"exoticbirds:cooked_birdmeat":1,"minecraft:cobblestone":91,"minecraft:cooked_porkchop":4,"minecraft:andesite":1,"alexsmobs:animal_dictionary":2},"minecraft:killed_by":{"minecraft:player":1,"minecraft:creeper":3,"minecraft:skeleton":2,"minecraft:zombie":4},"minecraft:killed":{"minecraft:cave_spider":9,"minecraft:spider":11,"minecraft:skeleton":19,"minecraft:chicken":3,"minecraft:pig":2,"minecraft:creeper":1,"minecraft:sheep":3,"minecraft:zombie":29,"alexsmobs:fly":1,"minecraft:cow":5}},"DataVersion":2586}