{"stats":{"minecraft:custom":{"minecraft:time_since_rest":8977,"minecraft:open_chest":1,"minecraft:play_one_minute":8977,"minecraft:crouch_one_cm":58,"minecraft:sprint_one_cm":17939,"minecraft:walk_one_cm":14795,"minecraft:sneak_time":4,"minecraft:mob_kills":2,"minecraft:drop":1,"minecraft:jump":107,"minecraft:damage_dealt":120,"minecraft:time_since_death":8977,"minecraft:interact_with_crafting_table":3,"minecraft:fall_one_cm":3251,"minecraft:fly_one_cm":24361},"minecraft:used":{"minecraft:wooden_axe":1,"minecraft:stone_sword":28,"minecraft:crafting_table":1,"minecraft:stone_pickaxe":1,"alexsmobs:animal_dictionary":2,"minecraft:wooden_pickaxe":5},"minecraft:mined":{"minecraft:grass":1,"minecraft:oak_log":7,"minecraft:carrots":11,"minecraft:wheat":11,"minecraft:cobblestone":6,"minecraft:potatoes":2,"minecraft:crafting_table":1},"minecraft:dropped":{"minecraft:wheat_seeds":14},"minecraft:picked_up":{"minecraft:crafting_table":1,"minecraft:wheat":2,"minecraft:chicken":1,"minecraft:wheat_seeds":14,"minecraft:potato":5,"minecraft:gray_wool":1,"minecraft:oak_log":6,"minecraft:carrot":21,"minecraft:mutton":2,"minecraft:cobblestone":5},"minecraft:killed":{"minecraft:sheep":1,"minecraft:chicken":1},"minecraft:crafted":{"minecraft:stone_sword":1,"minecraft:oak_planks":24,"minecraft:crafting_table":1,"minecraft:stick":12,"minecraft:wooden_pickaxe":1,"minecraft:stone_pickaxe":1,"minecraft:wooden_axe":1}},"DataVersion":2586}