{"stats":{"minecraft:custom":{"minecraft:time_since_rest":12312,"minecraft:interact_with_furnace":18,"minecraft:sprint_one_cm":45866,"minecraft:damage_taken":250,"minecraft:walk_one_cm":49021,"minecraft:mob_kills":4,"minecraft:drop":1,"minecraft:damage_dealt":400,"minecraft:interact_with_crafting_table":11,"minecraft:fly_one_cm":66278,"minecraft:open_chest":2,"minecraft:crouch_one_cm":7408,"minecraft:play_one_minute":19865,"minecraft:deaths":1,"minecraft:sneak_time":3559,"minecraft:walk_under_water_one_cm":251,"minecraft:jump":301,"minecraft:walk_on_water_one_cm":481,"minecraft:time_since_death":12288,"minecraft:sleep_in_bed":1,"minecraft:fall_one_cm":8199},"minecraft:mined":{"minecraft:white_bed":1,"minecraft:iron_ore":32,"minecraft:azure_bluet":3,"minecraft:torch":3,"minecraft:crafting_table":3,"minecraft:grass":5,"minecraft:grass_block":5,"minecraft:oak_log":4,"minecraft:potted_dandelion":1,"minecraft:coal_ore":21,"minecraft:dirt":4,"minecraft:cobblestone":5,"minecraft:stone":11,"minecraft:oak_planks":13,"minecraft:oak_leaves":3,"minecraft:wall_torch":4},"minecraft:used":{"minecraft:stone_sword":9,"minecraft:stone_pickaxe":43,"minecraft:oak_planks":16,"minecraft:wooden_pickaxe":29,"minecraft:torch":3,"minecraft:dirt":23,"minecraft:cobblestone":4,"minecraft:crafting_table":4,"minecraft:furnace":1,"alexsmobs:animal_dictionary":2,"minecraft:cooked_beef":2},"minecraft:dropped":{"minecraft:wheat_seeds":1},"minecraft:killed_by":{"minecraft:skeleton":1},"minecraft:picked_up":{"minecraft:stick":1,"minecraft:crafting_table":3,"minecraft:azure_bluet":3,"minecraft:leather":5,"minecraft:torch":6,"minecraft:oak_log":4,"minecraft:white_bed":1,"minecraft:dirt":23,"minecraft:wheat_seeds":2,"minecraft:beef":7,"minecraft:iron_ore":32,"minecraft:oak_sapling":1,"minecraft:oak_planks":13,"minecraft:coal":21,"minecraft:cobblestone":17},"minecraft:killed":{"minecraft:cow":4},"minecraft:crafted":{"minecraft:cooked_beef":7,"minecraft:coal_block":2,"minecraft:oak_planks":16,"minecraft:iron_chestplate":1,"minecraft:crafting_table":1,"minecraft:stick":12,"minecraft:iron_ingot":8,"minecraft:wooden_pickaxe":1,"minecraft:stone_pickaxe":1,"minecraft:stone_sword":1,"minecraft:furnace":1,"minecraft:air":0}},"DataVersion":2586}