{"stats":{"minecraft:custom":{"minecraft:time_since_rest":18312,"minecraft:interact_with_furnace":38,"minecraft:sprint_one_cm":52127,"minecraft:damage_taken":273,"minecraft:walk_one_cm":61521,"minecraft:mob_kills":5,"minecraft:drop":1,"minecraft:damage_dealt":536,"minecraft:interact_with_crafting_table":19,"minecraft:fly_one_cm":77574,"minecraft:open_chest":2,"minecraft:crouch_one_cm":7560,"minecraft:play_one_minute":25865,"minecraft:deaths":1,"minecraft:sneak_time":3600,"minecraft:walk_under_water_one_cm":251,"minecraft:jump":363,"minecraft:walk_on_water_one_cm":481,"minecraft:time_since_death":18288,"minecraft:sleep_in_bed":1,"minecraft:fall_one_cm":9093},"minecraft:mined":{"minecraft:white_bed":1,"minecraft:furnace":1,"minecraft:iron_ore":32,"minecraft:azure_bluet":3,"minecraft:torch":3,"minecraft:crafting_table":4,"minecraft:grass":8,"minecraft:grass_block":6,"minecraft:oak_log":4,"minecraft:potted_dandelion":1,"minecraft:coal_ore":21,"minecraft:dirt":14,"minecraft:cobblestone":5,"minecraft:stone":11,"minecraft:oak_planks":13,"minecraft:oak_leaves":3,"minecraft:wall_torch":4},"minecraft:used":{"minecraft:stone_sword":13,"minecraft:stone_pickaxe":48,"minecraft:oak_planks":16,"minecraft:wooden_pickaxe":29,"minecraft:torch":3,"minecraft:dirt":34,"minecraft:cobblestone":4,"minecraft:crafting_table":4,"minecraft:furnace":1,"alexsmobs:animal_dictionary":2,"minecraft:cooked_beef":2},"minecraft:dropped":{"minecraft:wheat_seeds":1},"minecraft:killed_by":{"minecraft:skeleton":1},"minecraft:picked_up":{"minecraft:stick":1,"minecraft:crafting_table":4,"minecraft:azure_bluet":3,"minecraft:leather":5,"minecraft:torch":6,"minecraft:oak_log":4,"minecraft:white_bed":1,"minecraft:dirt":34,"minecraft:wheat_seeds":3,"minecraft:beef":7,"minecraft:iron_ore":32,"minecraft:oak_sapling":1,"minecraft:oak_planks":13,"minecraft:coal":21,"minecraft:cobblestone":17,"minecraft:furnace":1},"minecraft:killed":{"minecraft:cow":4},"minecraft:crafted":{"minecraft:cooked_beef":7,"minecraft:coal_block":2,"minecraft:oak_planks":16,"minecraft:iron_boots":1,"minecraft:iron_chestplate":1,"minecraft:crafting_table":1,"minecraft:stick":12,"minecraft:iron_helmet":1,"minecraft:iron_ingot":32,"minecraft:wooden_pickaxe":1,"minecraft:stone_pickaxe":1,"minecraft:stone_sword":1,"minecraft:iron_leggings":1,"minecraft:furnace":1,"minecraft:air":0}},"DataVersion":2586}