{"stats":{"minecraft:killed_by":{"minecraft:skeleton":1,"minecraft:creeper":1},"minecraft:broken":{"minecraft:stone_pickaxe":3,"minecraft:wooden_pickaxe":1},"minecraft:mined":{"minecraft:white_bed":1,"minecraft:crafting_table":6,"minecraft:torch":6,"minecraft:granite":31,"minecraft:grass_block":18,"minecraft:dead_bush":37,"minecraft:cobblestone":6,"farmersdelight:wild_cabbages":10,"minecraft:oak_planks":13,"minecraft:kelp":1,"minecraft:diorite":4,"minecraft:wall_torch":15,"farmersdelight:wild_beetroots":12,"minecraft:redstone_ore":11,"minecraft:furnace":1,"minecraft:birch_log":1,"minecraft:iron_ore":47,"minecraft:andesite":24,"minecraft:azure_bluet":3,"minecraft:grass":10,"minecraft:oak_log":19,"minecraft:potted_dandelion":1,"minecraft:coal_ore":86,"minecraft:dirt":32,"minecraft:sand":1,"minecraft:stone":275,"minecraft:gold_ore":7,"dead_guys_untitled_deep_dark_:cold_sculk":1,"minecraft:oak_leaves":5},"minecraft:picked_up":{"minecraft:birch_log":2,"minecraft:crafting_table":6,"minecraft:azure_bluet":3,"minecraft:andesite":24,"minecraft:leather":5,"minecraft:oak_log":20,"minecraft:string":2,"minecraft:dirt":116,"minecraft:bone":2,"minecraft:beetroot":3,"minecraft:wheat_seeds":3,"farmersdelight:cabbage":2,"minecraft:beef":7,"minecraft:oak_boat":1,"minecraft:iron_ore":47,"minecraft:oak_planks":13,"farmersdelight:cabbage_seeds":10,"minecraft:furnace":1,"minecraft:stick":25,"minecraft:torch":24,"minecraft:sand":1,"minecraft:diorite":4,"minecraft:white_bed":2,"minecraft:gold_ore":7,"minecraft:redstone":49,"minecraft:arrow":2,"minecraft:rotten_flesh":10,"minecraft:beetroot_seeds":12,"minecraft:granite":31,"minecraft:oak_sapling":2,"minecraft:coal":88,"minecraft:cobblestone":282},"minecraft:crafted":{"minecraft:cooked_beef":7,"minecraft:coal_block":7,"minecraft:oak_planks":80,"minecraft:crafting_table":1,"minecraft:wooden_pickaxe":1,"minecraft:iron_helmet":1,"minecraft:furnace":1,"minecraft:bucket":1,"minecraft:air":0,"minecraft:oak_boat":2,"minecraft:wooden_hoe":1,"minecraft:iron_boots":1,"minecraft:iron_chestplate":1,"minecraft:iron_axe":1,"minecraft:stick":20,"minecraft:iron_ingot":42,"minecraft:iron_pickaxe":2,"minecraft:stone_pickaxe":7,"minecraft:stone_sword":1,"minecraft:chest":5,"minecraft:iron_leggings":1,"minecraft:torch":72},"minecraft:killed":{"minecraft:husk":1,"alexsmobs:lobster":3,"minecraft:skeleton":2,"minecraft:zombie":9,"minecraft:cow":4},"minecraft:used":{"minecraft:diorite":4,"minecraft:stone_sword":96,"minecraft:stone_pickaxe":429,"minecraft:oak_planks":16,"farmersdelight:cabbage_seeds":10,"minecraft:chest":5,"minecraft:wooden_pickaxe":60,"farmersdelight:cabbage":2,"minecraft:torch":81,"minecraft:sand":1,"minecraft:dirt":116,"minecraft:crafting_table":7,"minecraft:white_bed":2,"minecraft:granite":13,"minecraft:wooden_hoe":10,"minecraft:iron_axe":20,"minecraft:iron_pickaxe":20,"carryon:tile_item":1,"minecraft:cobblestone":27,"minecraft:furnace":2,"minecraft:birch_log":1,"minecraft:andesite":1,"alexsmobs:animal_dictionary":2,"minecraft:oak_boat":2,"minecraft:cooked_beef":6},"minecraft:dropped":{"minecraft:wheat_seeds":1},"minecraft:custom":{"minecraft:interact_with_furnace":45,"minecraft:mob_kills":21,"minecraft:interact_with_crafting_table":43,"minecraft:play_one_minute":75701,"minecraft:time_since_death":27479,"minecraft:sleep_in_bed":4,"minecraft:time_since_rest":19216,"minecraft:sprint_one_cm":140792,"minecraft:damage_taken":988,"minecraft:walk_one_cm":169419,"minecraft:drop":1,"minecraft:damage_dealt":2901,"minecraft:swim_one_cm":3547,"minecraft:fly_one_cm":156489,"minecraft:open_chest":47,"minecraft:crouch_one_cm":22842,"minecraft:deaths":2,"minecraft:sneak_time":8929,"minecraft:walk_under_water_one_cm":6916,"minecraft:boat_one_cm":207395,"minecraft:jump":1103,"minecraft:walk_on_water_one_cm":5344,"minecraft:fall_one_cm":17579}},"DataVersion":2586}