{"stats":{"minecraft:custom":{"minecraft:interact_with_furnace":57,"minecraft:mob_kills":31,"minecraft:interact_with_crafting_table":58,"minecraft:play_one_minute":143059,"minecraft:leave_game":1,"minecraft:time_since_death":56454,"minecraft:sleep_in_bed":5,"minecraft:time_since_rest":55805,"minecraft:sprint_one_cm":192264,"minecraft:damage_taken":1334,"minecraft:walk_one_cm":306123,"minecraft:drop":1,"minecraft:damage_dealt":4737,"minecraft:swim_one_cm":8393,"minecraft:fly_one_cm":182708,"minecraft:open_chest":76,"minecraft:crouch_one_cm":56765,"minecraft:deaths":3,"minecraft:sneak_time":19551,"minecraft:walk_under_water_one_cm":12208,"minecraft:boat_one_cm":410951,"minecraft:jump":1556,"minecraft:walk_on_water_one_cm":14169,"minecraft:fish_caught":7,"minecraft:fall_one_cm":21254},"minecraft:picked_up":{"minecraft:birch_log":2,"minecraft:crafting_table":6,"minecraft:azure_bluet":3,"minecraft:andesite":55,"exoticbirds:pigeon_egg":1,"minecraft:salmon":2,"minecraft:leather":5,"minecraft:oak_log":20,"minecraft:lily_pad":1,"minecraft:dirt":117,"minecraft:string":4,"minecraft:bone":4,"minecraft:beetroot":3,"minecraft:bow":1,"minecraft:wheat_seeds":10,"farmersdelight:cabbage":5,"minecraft:beef":7,"minecraft:oak_boat":1,"minecraft:iron_ore":111,"minecraft:oak_planks":13,"exoticbirds:eggshell":1,"farmersdelight:cabbage_seeds":27,"minecraft:furnace":1,"minecraft:stick":25,"minecraft:gravel":18,"minecraft:torch":53,"minecraft:sand":1,"minecraft:ink_sac":1,"minecraft:diorite":12,"minecraft:white_bed":2,"minecraft:redstone":99,"minecraft:gold_ore":19,"minecraft:spider_eye":1,"minecraft:arrow":4,"minecraft:rotten_flesh":18,"minecraft:beetroot_seeds":12,"minecraft:granite":69,"minecraft:oak_sapling":3,"minecraft:cod":3,"minecraft:coal":100,"minecraft:cobblestone":792},"minecraft:broken":{"minecraft:stone_pickaxe":7,"minecraft:wooden_pickaxe":1},"minecraft:dropped":{"minecraft:wheat_seeds":1},"minecraft:mined":{"minecraft:white_bed":1,"minecraft:crafting_table":6,"minecraft:torch":23,"minecraft:granite":69,"minecraft:grass_block":18,"minecraft:dead_bush":37,"farmersdelight:cabbages":9,"minecraft:tall_grass":9,"minecraft:cobblestone":15,"farmersdelight:wild_cabbages":10,"minecraft:oak_planks":13,"minecraft:kelp":1,"minecraft:diorite":12,"minecraft:wall_torch":25,"farmersdelight:wild_beetroots":12,"minecraft:redstone_ore":23,"minecraft:furnace":1,"minecraft:birch_log":1,"minecraft:iron_ore":101,"minecraft:andesite":55,"minecraft:azure_bluet":3,"minecraft:grass":51,"minecraft:potted_dandelion":1,"minecraft:oak_log":19,"minecraft:coal_ore":114,"minecraft:gravel":8,"minecraft:sand":1,"minecraft:dirt":33,"minecraft:stone":791,"minecraft:gold_ore":19,"minecraft:oak_leaves":5,"dead_guys_untitled_deep_dark_:cold_sculk":9},"minecraft:crafted":{"minecraft:cooked_beef":7,"minecraft:coal_block":9,"minecraft:cooked_cod":3,"minecraft:oak_planks":80,"minecraft:coal":18,"minecraft:fishing_rod":1,"minecraft:crafting_table":1,"minecraft:wooden_pickaxe":1,"minecraft:iron_helmet":1,"minecraft:furnace":1,"minecraft:cooked_salmon":2,"minecraft:birch_planks":4,"minecraft:bucket":1,"minecraft:bone_meal":6,"minecraft:air":0,"minecraft:oak_boat":2,"minecraft:wooden_hoe":1,"minecraft:iron_boots":1,"minecraft:iron_chestplate":1,"minecraft:iron_axe":1,"minecraft:stick":44,"minecraft:iron_ingot":47,"minecraft:iron_pickaxe":2,"minecraft:stone_pickaxe":12,"minecraft:stone_sword":1,"minecraft:chest":5,"minecraft:iron_leggings":1,"minecraft:torch":120},"minecraft:used":{"minecraft:diorite":4,"minecraft:stone_sword":146,"minecraft:stone_pickaxe":934,"minecraft:oak_planks":16,"farmersdelight:cabbage_seeds":14,"minecraft:chest":5,"minecraft:wooden_pickaxe":60,"farmersdelight:cabbage":5,"minecraft:torch":146,"minecraft:sand":1,"minecraft:dirt":116,"minecraft:crafting_table":7,"exoticbirds:pigeon_egg":1,"minecraft:white_bed":2,"minecraft:granite":13,"minecraft:wooden_hoe":10,"minecraft:iron_axe":20,"minecraft:iron_pickaxe":240,"minecraft:gravel":7,"exoticbirds:eggshell":1,"carryon:tile_item":1,"minecraft:fishing_rod":12,"minecraft:cobblestone":164,"minecraft:furnace":2,"minecraft:cooked_cod":1,"minecraft:andesite":1,"minecraft:birch_log":1,"minecraft:oak_boat":3,"alexsmobs:animal_dictionary":2,"minecraft:cooked_beef":7,"minecraft:bone_meal":6},"minecraft:killed_by":{"minecraft:skeleton":1,"minecraft:creeper":1,"minecraft:zombie":1},"minecraft:killed":{"minecraft:husk":1,"alexsmobs:lobster":3,"minecraft:spider":1,"minecraft:skeleton":3,"minecraft:zombie":16,"alexsmobs:cockroach":1,"minecraft:cow":4}},"DataVersion":2586}