{"stats":{"minecraft:killed_by":{"minecraft:skeleton":1,"minecraft:creeper":1,"minecraft:zombie":1},"minecraft:broken":{"minecraft:stone_pickaxe":5,"minecraft:wooden_pickaxe":1},"minecraft:mined":{"minecraft:white_bed":1,"minecraft:crafting_table":6,"minecraft:torch":17,"minecraft:granite":51,"minecraft:grass_block":18,"minecraft:dead_bush":37,"farmersdelight:cabbages":9,"minecraft:tall_grass":9,"minecraft:cobblestone":14,"farmersdelight:wild_cabbages":10,"minecraft:oak_planks":13,"minecraft:kelp":1,"minecraft:diorite":12,"minecraft:wall_torch":18,"farmersdelight:wild_beetroots":12,"minecraft:redstone_ore":11,"minecraft:furnace":1,"minecraft:birch_log":1,"minecraft:iron_ore":84,"minecraft:andesite":52,"minecraft:azure_bluet":3,"minecraft:grass":51,"minecraft:oak_log":19,"minecraft:potted_dandelion":1,"minecraft:coal_ore":114,"minecraft:dirt":33,"minecraft:sand":1,"minecraft:stone":564,"minecraft:gold_ore":7,"dead_guys_untitled_deep_dark_:cold_sculk":8,"minecraft:oak_leaves":5},"minecraft:picked_up":{"minecraft:birch_log":2,"minecraft:crafting_table":6,"minecraft:azure_bluet":3,"minecraft:salmon":2,"exoticbirds:pigeon_egg":1,"minecraft:andesite":52,"minecraft:leather":5,"minecraft:oak_log":20,"minecraft:lily_pad":1,"minecraft:string":4,"minecraft:dirt":117,"minecraft:bone":4,"minecraft:beetroot":3,"minecraft:bow":1,"minecraft:wheat_seeds":10,"farmersdelight:cabbage":5,"minecraft:beef":7,"minecraft:oak_boat":1,"minecraft:iron_ore":94,"exoticbirds:eggshell":1,"minecraft:oak_planks":13,"farmersdelight:cabbage_seeds":27,"minecraft:furnace":1,"minecraft:stick":25,"minecraft:torch":40,"minecraft:sand":1,"minecraft:ink_sac":1,"minecraft:diorite":12,"minecraft:white_bed":2,"minecraft:gold_ore":7,"minecraft:redstone":49,"minecraft:spider_eye":1,"minecraft:arrow":4,"minecraft:rotten_flesh":18,"minecraft:beetroot_seeds":12,"minecraft:granite":51,"minecraft:cod":3,"minecraft:oak_sapling":3,"minecraft:coal":100,"minecraft:cobblestone":577},"minecraft:crafted":{"minecraft:cooked_beef":7,"minecraft:coal_block":7,"minecraft:cooked_cod":3,"minecraft:oak_planks":80,"minecraft:coal":18,"minecraft:fishing_rod":1,"minecraft:crafting_table":1,"minecraft:wooden_pickaxe":1,"minecraft:iron_helmet":1,"minecraft:furnace":1,"minecraft:cooked_salmon":2,"minecraft:bone_meal":6,"minecraft:bucket":1,"minecraft:air":0,"minecraft:oak_boat":2,"minecraft:wooden_hoe":1,"minecraft:iron_boots":1,"minecraft:iron_chestplate":1,"minecraft:iron_axe":1,"minecraft:stick":36,"minecraft:iron_ingot":42,"minecraft:iron_pickaxe":2,"minecraft:stone_pickaxe":7,"minecraft:stone_sword":1,"minecraft:chest":5,"minecraft:iron_leggings":1,"minecraft:torch":120},"minecraft:killed":{"minecraft:husk":1,"alexsmobs:lobster":3,"minecraft:spider":1,"minecraft:skeleton":3,"alexsmobs:cockroach":1,"minecraft:zombie":16,"minecraft:cow":4},"minecraft:used":{"minecraft:diorite":4,"minecraft:stone_sword":146,"minecraft:stone_pickaxe":790,"minecraft:oak_planks":16,"farmersdelight:cabbage_seeds":14,"minecraft:chest":5,"minecraft:wooden_pickaxe":60,"farmersdelight:cabbage":5,"minecraft:torch":122,"minecraft:sand":1,"minecraft:dirt":116,"minecraft:crafting_table":7,"exoticbirds:pigeon_egg":1,"minecraft:white_bed":2,"minecraft:granite":13,"minecraft:wooden_hoe":10,"minecraft:iron_axe":20,"minecraft:iron_pickaxe":90,"exoticbirds:eggshell":1,"carryon:tile_item":1,"minecraft:fishing_rod":12,"minecraft:cobblestone":140,"minecraft:furnace":2,"minecraft:birch_log":1,"minecraft:andesite":1,"alexsmobs:animal_dictionary":2,"minecraft:oak_boat":3,"minecraft:cooked_beef":7,"minecraft:bone_meal":6},"minecraft:dropped":{"minecraft:wheat_seeds":1},"minecraft:custom":{"minecraft:interact_with_furnace":52,"minecraft:mob_kills":31,"minecraft:interact_with_crafting_table":53,"minecraft:play_one_minute":117701,"minecraft:time_since_death":31096,"minecraft:sleep_in_bed":5,"minecraft:time_since_rest":30447,"minecraft:sprint_one_cm":183837,"minecraft:damage_taken":1304,"minecraft:walk_one_cm":270146,"minecraft:drop":1,"minecraft:damage_dealt":4737,"minecraft:swim_one_cm":8393,"minecraft:fly_one_cm":181009,"minecraft:open_chest":73,"minecraft:crouch_one_cm":38670,"minecraft:deaths":3,"minecraft:sneak_time":14412,"minecraft:walk_under_water_one_cm":12208,"minecraft:boat_one_cm":410951,"minecraft:jump":1424,"minecraft:walk_on_water_one_cm":14169,"minecraft:fish_caught":7,"minecraft:fall_one_cm":20416}},"DataVersion":2586}