{"stats":{"minecraft:custom":{"minecraft:mob_kills":45,"minecraft:interact_with_crafting_table":72,"minecraft:leave_game":3,"minecraft:time_since_death":16146,"minecraft:sprint_one_cm":273927,"minecraft:walk_one_cm":490777,"minecraft:drop":2,"minecraft:deaths":5,"minecraft:sneak_time":37300,"minecraft:walk_under_water_one_cm":12545,"minecraft:boat_one_cm":410951,"minecraft:jump":2182,"minecraft:walk_on_water_one_cm":18634,"minecraft:interact_with_furnace":70,"minecraft:play_one_minute":222847,"minecraft:sleep_in_bed":9,"minecraft:time_since_rest":27,"minecraft:damage_taken":1986,"minecraft:damage_dealt":7082,"minecraft:swim_one_cm":8393,"minecraft:fly_one_cm":218880,"minecraft:open_chest":119,"minecraft:crouch_one_cm":108927,"minecraft:fish_caught":7,"minecraft:fall_one_cm":28071},"minecraft:broken":{"minecraft:stone_sword":1,"minecraft:iron_boots":1,"minecraft:iron_leggings":1,"minecraft:wooden_pickaxe":1,"minecraft:stone_pickaxe":11,"minecraft:iron_axe":1,"minecraft:stone_axe":1,"minecraft:iron_pickaxe":1,"minecraft:iron_helmet":1},"minecraft:picked_up":{"minecraft:crafting_table":6,"minecraft:azure_bluet":3,"exoticbirds:pigeon_egg":1,"minecraft:string":4,"minecraft:beetroot":3,"farmersdelight:cabbage":5,"minecraft:beef":7,"minecraft:oak_boat":1,"minecraft:birch_sapling":11,"farmersdelight:cabbage_seeds":27,"minecraft:furnace":1,"minecraft:stick":79,"dead_guys_untitled_deep_dark_:cold_deep_stone":1,"minecraft:torch":76,"minecraft:diorite":20,"minecraft:redstone":205,"minecraft:arrow":6,"minecraft:rotten_flesh":31,"minecraft:beetroot_seeds":12,"minecraft:peony":1,"minecraft:cod":3,"minecraft:cobblestone":1232,"minecraft:birch_log":56,"minecraft:salmon":2,"minecraft:andesite":82,"minecraft:leather":5,"minecraft:oak_log":282,"minecraft:lily_pad":1,"minecraft:lapis_lazuli":28,"minecraft:dirt":127,"minecraft:bone":8,"minecraft:apple":4,"minecraft:bow":1,"minecraft:wheat_seeds":12,"minecraft:iron_ore":194,"exoticbirds:eggshell":1,"minecraft:oak_planks":13,"minecraft:gravel":18,"minecraft:sand":1,"minecraft:ink_sac":1,"minecraft:white_bed":2,"exoticbirds:mystery_egg":2,"minecraft:gold_ore":32,"minecraft:spider_eye":1,"minecraft:granite":97,"minecraft:oak_sapling":46,"minecraft:coal":167},"minecraft:dropped":{"minecraft:wheat_seeds":1,"dead_guys_untitled_deep_dark_:cold_deep_stone":1},"minecraft:mined":{"minecraft:white_bed":1,"minecraft:granite":97,"minecraft:grass_block":18,"farmersdelight:wild_cabbages":10,"minecraft:kelp":1,"minecraft:redstone_ore":47,"minecraft:furnace":1,"minecraft:iron_ore":187,"dead_guys_untitled_deep_dark_:cold_deep_stone":1,"minecraft:andesite":82,"minecraft:azure_bluet":3,"minecraft:peony":1,"minecraft:potted_dandelion":1,"minecraft:stone":1222,"dead_guys_untitled_deep_dark_:cold_sculk":13,"minecraft:crafting_table":6,"minecraft:torch":36,"minecraft:dead_bush":37,"farmersdelight:cabbages":9,"minecraft:tall_grass":10,"minecraft:cobblestone":66,"minecraft:lapis_ore":4,"minecraft:oak_planks":13,"minecraft:diorite":26,"minecraft:wall_torch":32,"farmersdelight:wild_beetroots":12,"minecraft:birch_log":57,"minecraft:birch_leaves":5,"minecraft:grass":56,"minecraft:oak_log":281,"minecraft:coal_ore":184,"minecraft:gravel":8,"minecraft:sand":1,"minecraft:dirt":43,"minecraft:gold_ore":32,"minecraft:oak_leaves":91},"minecraft:crafted":{"minecraft:oak_planks":92,"minecraft:coal":18,"minecraft:fishing_rod":1,"minecraft:furnace":1,"minecraft:bone_meal":6,"minecraft:iron_boots":1,"minecraft:iron_axe":1,"minecraft:stone_pickaxe":14,"minecraft:chest":5,"minecraft:cooked_beef":7,"minecraft:coal_block":16,"minecraft:cooked_cod":3,"minecraft:crafting_table":1,"minecraft:wooden_pickaxe":1,"minecraft:iron_helmet":1,"minecraft:cooked_salmon":2,"minecraft:bucket":1,"minecraft:birch_planks":4,"minecraft:stone_axe":2,"minecraft:air":0,"minecraft:oak_boat":2,"minecraft:iron_chestplate":1,"minecraft:wooden_hoe":1,"minecraft:shield":1,"minecraft:stick":56,"minecraft:iron_ingot":180,"minecraft:iron_pickaxe":2,"minecraft:stone_sword":1,"minecraft:iron_leggings":1,"minecraft:torch":120},"minecraft:used":{"minecraft:peony":1,"minecraft:stone_sword":162,"farmersdelight:cabbage_seeds":14,"minecraft:chest":5,"minecraft:shield":3,"farmersdelight:cabbage":5,"minecraft:cooked_salmon":2,"minecraft:torch":192,"minecraft:dirt":116,"exoticbirds:pigeon_egg":1,"minecraft:granite":13,"minecraft:lava_bucket":14,"minecraft:iron_axe":223,"carryon:tile_item":1,"minecraft:furnace":2,"minecraft:cooked_cod":3,"minecraft:cooked_beef":7,"minecraft:water_bucket":20,"minecraft:diorite":4,"minecraft:stone_pickaxe":1591,"minecraft:oak_planks":16,"minecraft:wooden_pickaxe":60,"minecraft:sand":1,"minecraft:crafting_table":7,"minecraft:white_bed":2,"minecraft:wooden_hoe":10,"minecraft:iron_pickaxe":352,"minecraft:gravel":7,"exoticbirds:eggshell":1,"minecraft:stone_axe":214,"minecraft:fishing_rod":12,"minecraft:cobblestone":335,"minecraft:birch_log":1,"minecraft:bucket":34,"minecraft:andesite":1,"alexsmobs:animal_dictionary":2,"minecraft:oak_boat":3,"minecraft:bone_meal":6},"minecraft:killed_by":{"minecraft:creeper":1,"minecraft:skeleton":2,"minecraft:zombie":2},"minecraft:killed":{"alexsmobs:lobster":3,"minecraft:spider":1,"minecraft:skeleton":6,"minecraft:husk":1,"alexsmobs:cockroach":1,"minecraft:zombie":27,"minecraft:cow":4}},"DataVersion":2586}