{"stats":{"minecraft:killed_by":{"minecraft:skeleton":1,"minecraft:creeper":1},"minecraft:broken":{"minecraft:stone_pickaxe":2,"minecraft:wooden_pickaxe":1},"minecraft:mined":{"minecraft:white_bed":1,"minecraft:crafting_table":6,"minecraft:torch":6,"minecraft:granite":21,"minecraft:grass_block":18,"minecraft:dead_bush":37,"minecraft:cobblestone":6,"farmersdelight:wild_cabbages":10,"minecraft:oak_planks":13,"minecraft:kelp":1,"minecraft:diorite":4,"minecraft:wall_torch":10,"farmersdelight:wild_beetroots":12,"minecraft:furnace":1,"minecraft:birch_log":1,"minecraft:iron_ore":42,"minecraft:andesite":24,"minecraft:azure_bluet":3,"minecraft:grass":10,"minecraft:oak_log":19,"minecraft:potted_dandelion":1,"minecraft:coal_ore":81,"minecraft:dirt":32,"minecraft:sand":1,"minecraft:stone":191,"dead_guys_untitled_deep_dark_:cold_sculk":1,"minecraft:oak_leaves":5},"minecraft:picked_up":{"minecraft:birch_log":2,"minecraft:crafting_table":6,"minecraft:azure_bluet":3,"minecraft:andesite":24,"minecraft:leather":5,"minecraft:oak_log":20,"minecraft:string":2,"minecraft:dirt":116,"minecraft:beetroot":3,"minecraft:wheat_seeds":3,"farmersdelight:cabbage":2,"minecraft:beef":7,"minecraft:oak_boat":1,"minecraft:iron_ore":42,"minecraft:oak_planks":13,"farmersdelight:cabbage_seeds":10,"minecraft:furnace":1,"minecraft:stick":25,"minecraft:torch":19,"minecraft:sand":1,"minecraft:diorite":4,"minecraft:white_bed":2,"minecraft:arrow":1,"minecraft:rotten_flesh":10,"minecraft:beetroot_seeds":12,"minecraft:granite":21,"minecraft:oak_sapling":2,"minecraft:coal":81,"minecraft:cobblestone":200},"minecraft:crafted":{"minecraft:cooked_beef":7,"minecraft:coal_block":2,"minecraft:oak_planks":80,"minecraft:crafting_table":1,"minecraft:wooden_pickaxe":1,"minecraft:iron_helmet":1,"minecraft:furnace":1,"minecraft:air":0,"minecraft:oak_boat":2,"minecraft:wooden_hoe":1,"minecraft:iron_boots":1,"minecraft:iron_chestplate":1,"minecraft:iron_axe":1,"minecraft:stick":12,"minecraft:iron_ingot":32,"minecraft:stone_pickaxe":5,"minecraft:stone_sword":1,"minecraft:chest":5,"minecraft:iron_leggings":1,"minecraft:torch":72},"minecraft:killed":{"minecraft:husk":1,"alexsmobs:lobster":3,"minecraft:skeleton":1,"minecraft:zombie":8,"minecraft:cow":4},"minecraft:used":{"minecraft:stone_sword":87,"minecraft:stone_pickaxe":324,"minecraft:oak_planks":16,"farmersdelight:cabbage_seeds":10,"minecraft:chest":5,"minecraft:wooden_pickaxe":60,"farmersdelight:cabbage":2,"minecraft:torch":49,"minecraft:sand":1,"minecraft:dirt":116,"minecraft:crafting_table":7,"minecraft:white_bed":2,"minecraft:granite":13,"minecraft:wooden_hoe":10,"minecraft:iron_axe":20,"carryon:tile_item":1,"minecraft:cobblestone":15,"minecraft:furnace":2,"minecraft:birch_log":1,"minecraft:andesite":1,"alexsmobs:animal_dictionary":2,"minecraft:oak_boat":2,"minecraft:cooked_beef":4},"minecraft:dropped":{"minecraft:wheat_seeds":1},"minecraft:custom":{"minecraft:interact_with_furnace":40,"minecraft:mob_kills":19,"minecraft:interact_with_crafting_table":35,"minecraft:play_one_minute":63701,"minecraft:time_since_death":15479,"minecraft:sleep_in_bed":4,"minecraft:time_since_rest":7216,"minecraft:sprint_one_cm":119878,"minecraft:damage_taken":824,"minecraft:walk_one_cm":133679,"minecraft:drop":1,"minecraft:damage_dealt":2501,"minecraft:swim_one_cm":3547,"minecraft:fly_one_cm":143467,"minecraft:open_chest":35,"minecraft:crouch_one_cm":16589,"minecraft:deaths":2,"minecraft:sneak_time":6689,"minecraft:walk_under_water_one_cm":4613,"minecraft:boat_one_cm":207395,"minecraft:jump":752,"minecraft:walk_on_water_one_cm":2357,"minecraft:fall_one_cm":15347}},"DataVersion":2586}