{"stats":{"minecraft:custom":{"minecraft:interact_with_anvil":2,"minecraft:mob_kills":115,"minecraft:interact_with_crafting_table":66,"minecraft:bell_ring":43,"minecraft:leave_game":4,"minecraft:time_since_death":87275,"minecraft:climb_one_cm":13072,"minecraft:sprint_one_cm":903883,"minecraft:walk_one_cm":769722,"minecraft:drop":124,"minecraft:talked_to_villager":3,"minecraft:sneak_time":2220,"minecraft:deaths":16,"minecraft:walk_under_water_one_cm":24514,"minecraft:boat_one_cm":76350,"minecraft:jump":4920,"minecraft:walk_on_water_one_cm":69188,"minecraft:interact_with_furnace":109,"minecraft:play_one_minute":325277,"minecraft:sleep_in_bed":5,"minecraft:time_since_rest":87338,"minecraft:damage_taken":8228,"minecraft:damage_dealt":23679,"minecraft:player_kills":9,"minecraft:swim_one_cm":58969,"minecraft:fly_one_cm":1207589,"minecraft:crouch_one_cm":5081,"minecraft:open_chest":295,"minecraft:fall_one_cm":115196},"minecraft:broken":{"minecraft:leather_helmet":1,"minecraft:iron_boots":2,"minecraft:iron_leggings":2,"minecraft:stone_hoe":1,"mowziesmobs:barakoa_mask_rage":1,"minecraft:iron_axe":2,"minecraft:stone_axe":1,"minecraft:iron_sword":1,"minecraft:iron_pickaxe":5,"minecraft:iron_helmet":2,"minecraft:wooden_axe":1},"minecraft:picked_up":{"minecraft:crafting_table":11,"minecraft:iron_chestplate":2,"minecraft:wheat":47,"minecraft:ladder":7,"minecraft:smithing_table":2,"minecraft:brown_bed":6,"dead_guys_untitled_deep_dark_:dahlia_petal":1,"minecraft:cooked_salmon":4,"minecraft:cornflower":2,"alexsmobs:gazelle_horn":1,"minecraft:string":35,"minecraft:red_bed":4,"minecraft:iron_axe":1,"minecraft:item_frame":1,"minecraft:iron_shovel":1,"minecraft:birch_fence":2,"minecraft:beetroot":40,"minecraft:cartography_table":1,"minecraft:gold_nugget":48,"minecraft:oak_boat":2,"minecraft:poppy":4,"minecraft:iron_pickaxe":2,"minecraft:melon_slice":1,"minecraft:chest":5,"minecraft:birch_sapling":24,"minecraft:egg":1,"minecraft:furnace":27,"minecraft:stick":45,"minecraft:sandstone":9,"dead_guys_untitled_deep_dark_:cold_deep_stone":1,"minecraft:torch":151,"minecraft:acacia_log":1,"minecraft:sandstone_wall":1,"minecraft:porkchop":13,"farmersdelight:tomato_seeds":8,"minecraft:diorite":31,"minecraft:carrot":422,"minecraft:redstone":24,"minecraft:light_blue_bed":2,"minecraft:yellow_banner":2,"minecraft:orange_bed":6,"minecraft:stone_shovel":1,"minecraft:arrow":57,"minecraft:light_gray_bed":5,"minecraft:rotten_flesh":127,"minecraft:cooked_cod":3,"minecraft:beetroot_seeds":96,"minecraft:hay_block":70,"minecraft:sandstone_stairs":2,"minecraft:iron_block":2,"minecraft:mutton":14,"minecraft:bone_block":38,"exoticbirds:raw_birdmeat":31,"minecraft:white_wool":2,"minecraft:cobblestone":560,"minecraft:birch_log":37,"minecraft:feather":13,"minecraft:water_bucket":2,"minecraft:andesite":90,"minecraft:black_bed":7,"minecraft:brown_wool":3,"minecraft:potato":105,"minecraft:birch_planks":65,"minecraft:flint":2,"minecraft:light_gray_dye":4,"minecraft:oak_log":330,"minecraft:yellow_bed":6,"minecraft:magenta_bed":3,"minecraft:gunpowder":6,"minecraft:lapis_lazuli":105,"minecraft:dirt":442,"farmersdelight:tomato":4,"minecraft:blue_bed":5,"minecraft:white_banner":1,"mowziesmobs:barakoa_mask_rage":1,"minecraft:acacia_planks":2,"minecraft:bone":49,"minecraft:apple":11,"minecraft:heart_of_the_sea":1,"minecraft:bow":2,"minecraft:wheat_seeds":69,"minecraft:bell":1,"minecraft:iron_ingot":42,"minecraft:cobweb":2,"minecraft:iron_ore":270,"minecraft:gray_bed":2,"minecraft:stone_hoe":2,"minecraft:oak_planks":87,"minecraft:book":1,"minecraft:quartz":3,"minecraft:gravel":26,"minecraft:sand":67,"minecraft:white_bed":2,"exoticbirds:mystery_egg":8,"dead_guys_untitled_deep_dark_:cold_sculk_prairie":1,"minecraft:gold_ore":23,"minecraft:spider_eye":4,"cgm:pistol":3,"alexsmobs:guster_eye":3,"minecraft:white_concrete_powder":3,"minecraft:clay":14,"minecraft:emerald":19,"minecraft:bone_meal":101,"alexsmobs:rattlesnake_rattle":1,"minecraft:granite":2,"minecraft:gray_wool":1,"minecraft:bread":44,"minecraft:netherrack":19,"alexsmobs:maggot":11,"minecraft:oak_sapling":27,"minecraft:damaged_anvil":2,"minecraft:black_wool":1,"minecraft:coal":917,"minecraft:ender_pearl":2,"minecraft:birch_door":1},"minecraft:dropped":{"minecraft:stone_hoe":1,"minecraft:water_bucket":1,"minecraft:bread":68,"minecraft:iron_ingot":7,"minecraft:iron_sword":1,"minecraft:wheat_seeds":1,"minecraft:feather":3,"minecraft:torch":64,"minecraft:bone":6,"minecraft:gravel":2,"cgm:pistol":1,"alexsmobs:maggot":9,"alexsmobs:animal_dictionary":1,"minecraft:rotten_flesh":1,"minecraft:oak_planks":42,"minecraft:carrot":99,"minecraft:poppy":1,"minecraft:iron_chestplate":1,"minecraft:leather_leggings":1,"dead_guys_untitled_deep_dark_:cold_sculk_prairie":1,"minecraft:netherrack":1},"minecraft:mined":{"minecraft:nether_gold_ore":12,"minecraft:yellow_wall_banner":1,"minecraft:white_bed":2,"farmersdelight:wild_carrots":5,"minecraft:ladder":1,"minecraft:acacia_log":1,"minecraft:grass_block":62,"minecraft:light_gray_bed":4,"farmersdelight:tomatoes":3,"minecraft:cartography_table":1,"minecraft:sandstone":10,"minecraft:sandstone_stairs":2,"minecraft:hay_block":66,"minecraft:redstone_ore":5,"minecraft:carrots":72,"minecraft:furnace":28,"minecraft:iron_ore":176,"minecraft:fire":1,"dead_guys_untitled_deep_dark_:cold_deep_stone":1,"minecraft:andesite":88,"minecraft:brown_bed":7,"minecraft:bell":2,"minecraft:potatoes":40,"minecraft:vine":1,"minecraft:stone":445,"minecraft:iron_block":1,"minecraft:bone_block":38,"minecraft:orange_bed":6,"dead_guys_untitled_deep_dark_:cold_sculk":1,"minecraft:smithing_table":2,"minecraft:red_bed":4,"farmersdelight:organic_compost":1,"minecraft:melon_stem":1,"minecraft:crafting_table":11,"minecraft:torch":1,"minecraft:poppy":1,"minecraft:chest":5,"minecraft:dead_bush":1,"minecraft:campfire":1,"minecraft:nether_quartz_ore":6,"minecraft:tall_grass":13,"minecraft:cobblestone":12,"minecraft:wall_torch":1,"minecraft:lapis_ore":7,"minecraft:oak_planks":39,"minecraft:damaged_anvil":2,"minecraft:diorite":30,"minecraft:blue_bed":6,"minecraft:birch_planks":28,"minecraft:light_blue_bed":2,"minecraft:birch_log":37,"minecraft:wheat":26,"minecraft:magenta_bed":3,"minecraft:gray_bed":2,"minecraft:birch_leaves":2,"minecraft:black_bed":7,"minecraft:yellow_bed":5,"minecraft:grass":72,"minecraft:coal_ore":440,"minecraft:oak_log":214,"minecraft:beetroots":28,"minecraft:gravel":6,"minecraft:sand":40,"minecraft:dirt":231,"minecraft:sandstone_wall":1,"minecraft:birch_fence":1,"minecraft:gold_ore":20,"dead_guys_untitled_deep_dark_:cold_sculk_prairie":1,"minecraft:netherrack":19,"minecraft:oak_leaves":57},"minecraft:crafted":{"minecraft:oak_planks":310,"minecraft:stone_shovel":1,"minecraft:cooked_chicken":3,"minecraft:furnace":6,"minecraft:bone_meal":342,"minecraft:flint_and_steel":1,"minecraft:iron_boots":2,"minecraft:iron_axe":2,"minecraft:ladder":9,"minecraft:stone_pickaxe":1,"minecraft:chest":11,"minecraft:stone_hoe":2,"minecraft:wheat":531,"minecraft:crafting_table":5,"minecraft:iron_helmet":2,"minecraft:wooden_pickaxe":1,"minecraft:iron_sword":1,"minecraft:bucket":3,"minecraft:birch_planks":148,"minecraft:stone_axe":1,"minecraft:bread":177,"minecraft:air":0,"minecraft:oak_boat":1,"minecraft:iron_chestplate":3,"minecraft:shield":2,"minecraft:stick":128,"minecraft:iron_ingot":102,"minecraft:iron_pickaxe":4,"minecraft:wooden_axe":2,"minecraft:iron_leggings":3,"exoticbirds:cooked_birdmeat":22,"minecraft:gold_ingot":4,"minecraft:acacia_planks":4,"minecraft:torch":364},"minecraft:used":{"minecraft:iron_shovel":78,"minecraft:flint_and_steel":1,"minecraft:stone_shovel":48,"minecraft:ladder":10,"minecraft:chest":16,"minecraft:shield":23,"minecraft:iron_sword":580,"minecraft:bell":1,"minecraft:cooked_chicken":3,"minecraft:rotten_flesh":3,"minecraft:stone_hoe":110,"minecraft:netherrack":18,"minecraft:orange_bed":6,"minecraft:torch":114,"minecraft:dirt":249,"minecraft:mutton":4,"minecraft:carrot":218,"minecraft:granite":1,"minecraft:birch_door":1,"minecraft:wooden_axe":64,"farmersdelight:tomato":4,"minecraft:iron_axe":539,"minecraft:birch_sapling":21,"minecraft:light_blue_bed":2,"minecraft:hay_block":3,"minecraft:oak_sapling":27,"minecraft:furnace":28,"minecraft:cooked_cod":1,"minecraft:gray_bed":2,"minecraft:potato":74,"farmersdelight:tomato_seeds":4,"minecraft:light_gray_bed":5,"minecraft:brown_bed":6,"minecraft:wheat_seeds":3,"minecraft:water_bucket":52,"minecraft:diorite":1,"minecraft:damaged_anvil":2,"minecraft:iron_ore":4,"minecraft:birch_planks":123,"minecraft:stone_pickaxe":84,"minecraft:oak_planks":150,"minecraft:cartography_table":1,"minecraft:wooden_pickaxe":17,"minecraft:sandstone":9,"minecraft:blue_bed":5,"farmersdelight:onion":2,"minecraft:sand":38,"minecraft:red_bed":4,"minecraft:magenta_bed":3,"minecraft:crafting_table":14,"minecraft:white_bed":1,"minecraft:black_bed":7,"minecraft:bread":18,"minecraft:iron_pickaxe":1265,"minecraft:gravel":5,"minecraft:stone_axe":86,"exoticbirds:cooked_birdmeat":22,"minecraft:cobblestone":141,"minecraft:smithing_table":2,"minecraft:andesite":3,"minecraft:bucket":55,"minecraft:oak_boat":3,"minecraft:yellow_bed":6,"alexsmobs:animal_dictionary":3,"minecraft:bone_meal":241},"minecraft:killed_by":{"minecraft:player":7,"minecraft:creeper":2,"minecraft:skeleton":1,"minecraft:zombie":3,"alexsmobs:moose":1,"mowziesmobs:barakoan_barakoana":1},"minecraft:killed":{"mowziesmobs:barakoan_barakoana":2,"alexsmobs:raccoon":1,"minecraft:spider":14,"alexsmobs:rattlesnake":2,"minecraft:skeleton":24,"minecraft:chicken":1,"minecraft:drowned":1,"minecraft:husk":10,"alexsmobs:guster":6,"minecraft:pig":6,"minecraft:zombie_villager":1,"alexsmobs:seal":1,"exoticbirds:ostrich":4,"alexsmobs:crimson_mosquito":2,"alexsmobs:emu":1,"exoticbirds:penguin":1,"minecraft:sheep":5,"minecraft:pillager":2,"minecraft:zombie":17,"alexsmobs:gazelle":2,"alexsmobs:moose":2,"alexsmobs:crow":2,"minecraft:enderman":3}},"DataVersion":2586}