{"stats":{"minecraft:custom":{"minecraft:jump":50,"minecraft:time_since_rest":4087,"minecraft:play_one_minute":4087,"minecraft:sprint_one_cm":13967,"minecraft:time_since_death":4087,"minecraft:walk_one_cm":11130,"minecraft:sneak_time":24,"minecraft:climb_one_cm":1176,"minecraft:talked_to_villager":1,"minecraft:fall_one_cm":2090,"minecraft:fly_one_cm":13926,"minecraft:open_chest":2},"minecraft:used":{"alexsmobs:animal_dictionary":2},"minecraft:mined":{"minecraft:hay_block":20,"minecraft:tall_grass":1,"minecraft:oak_log":4,"minecraft:yellow_bed":2,"minecraft:wheat":1},"minecraft:picked_up":{"minecraft:hay_block":20,"minecraft:oak_log":4,"minecraft:yellow_bed":2}},"DataVersion":2586}