{"stats":{"minecraft:custom":{"minecraft:mob_kills":87,"minecraft:interact_with_crafting_table":60,"minecraft:leave_game":3,"minecraft:time_since_death":42543,"minecraft:climb_one_cm":3295,"minecraft:sprint_one_cm":617759,"minecraft:walk_one_cm":506507,"minecraft:drop":22,"minecraft:talked_to_villager":2,"minecraft:deaths":15,"minecraft:sneak_time":1658,"minecraft:walk_under_water_one_cm":23175,"minecraft:boat_one_cm":76350,"minecraft:jump":3968,"minecraft:walk_on_water_one_cm":67331,"minecraft:interact_with_furnace":104,"minecraft:play_one_minute":229454,"minecraft:sleep_in_bed":5,"minecraft:time_since_rest":39885,"minecraft:damage_taken":7320,"minecraft:damage_dealt":19207,"minecraft:player_kills":9,"minecraft:swim_one_cm":55572,"minecraft:fly_one_cm":977912,"minecraft:open_chest":148,"minecraft:crouch_one_cm":3650,"minecraft:fall_one_cm":89527},"minecraft:broken":{"minecraft:leather_helmet":1,"minecraft:iron_boots":1,"minecraft:iron_leggings":1,"mowziesmobs:barakoa_mask_rage":1,"minecraft:iron_axe":1,"minecraft:stone_axe":1,"minecraft:iron_sword":1,"minecraft:iron_pickaxe":3,"minecraft:iron_helmet":1,"minecraft:wooden_axe":1},"minecraft:picked_up":{"minecraft:crafting_table":9,"minecraft:iron_chestplate":1,"minecraft:wheat":14,"dead_guys_untitled_deep_dark_:dahlia_petal":1,"alexsmobs:gazelle_horn":1,"minecraft:string":17,"minecraft:beetroot":20,"minecraft:gold_nugget":48,"minecraft:oak_boat":2,"minecraft:poppy":4,"minecraft:iron_pickaxe":1,"minecraft:birch_sapling":23,"minecraft:furnace":21,"minecraft:stick":37,"minecraft:sandstone":9,"dead_guys_untitled_deep_dark_:cold_deep_stone":1,"minecraft:torch":13,"minecraft:acacia_log":1,"farmersdelight:tomato_seeds":4,"minecraft:diorite":1,"minecraft:carrot":269,"minecraft:redstone":22,"minecraft:arrow":18,"minecraft:rotten_flesh":62,"minecraft:beetroot_seeds":48,"minecraft:hay_block":20,"minecraft:mutton":14,"minecraft:bone_block":38,"exoticbirds:raw_birdmeat":27,"minecraft:white_wool":2,"minecraft:cobblestone":270,"minecraft:birch_log":37,"minecraft:feather":13,"minecraft:water_bucket":1,"minecraft:andesite":9,"minecraft:brown_wool":2,"minecraft:potato":41,"minecraft:flint":2,"minecraft:light_gray_dye":2,"minecraft:oak_log":211,"minecraft:yellow_bed":5,"minecraft:gunpowder":4,"minecraft:lapis_lazuli":32,"farmersdelight:tomato":4,"minecraft:dirt":130,"minecraft:white_banner":1,"mowziesmobs:barakoa_mask_rage":1,"minecraft:bone":20,"minecraft:apple":7,"minecraft:bow":1,"minecraft:wheat_seeds":32,"minecraft:bell":1,"minecraft:cobweb":1,"minecraft:iron_ingot":30,"minecraft:iron_ore":208,"minecraft:stone_hoe":1,"minecraft:oak_planks":16,"minecraft:quartz":3,"minecraft:gravel":24,"minecraft:sand":46,"exoticbirds:mystery_egg":4,"minecraft:white_bed":2,"dead_guys_untitled_deep_dark_:cold_sculk_prairie":1,"minecraft:gold_ore":23,"minecraft:spider_eye":1,"cgm:pistol":2,"alexsmobs:guster_eye":1,"minecraft:clay":7,"minecraft:white_concrete_powder":3,"alexsmobs:rattlesnake_rattle":1,"minecraft:granite":2,"minecraft:gray_wool":1,"minecraft:bread":10,"minecraft:oak_sapling":27,"alexsmobs:maggot":10,"minecraft:netherrack":19,"minecraft:black_wool":1,"minecraft:coal":614,"minecraft:birch_door":1,"minecraft:ender_pearl":1},"minecraft:dropped":{"minecraft:stone_hoe":1,"minecraft:water_bucket":1,"minecraft:bread":15,"minecraft:iron_ingot":7,"minecraft:iron_sword":1,"minecraft:wheat_seeds":1,"minecraft:feather":3,"minecraft:torch":64,"minecraft:bone":6,"minecraft:gravel":2,"cgm:pistol":1,"alexsmobs:maggot":9,"alexsmobs:animal_dictionary":1,"minecraft:rotten_flesh":1,"minecraft:poppy":1,"minecraft:iron_chestplate":1,"minecraft:leather_leggings":1,"minecraft:netherrack":1,"dead_guys_untitled_deep_dark_:cold_sculk_prairie":1},"minecraft:mined":{"minecraft:nether_gold_ore":12,"minecraft:white_bed":2,"farmersdelight:wild_carrots":5,"minecraft:acacia_log":1,"minecraft:grass_block":23,"farmersdelight:tomatoes":3,"minecraft:sandstone":10,"minecraft:hay_block":20,"minecraft:redstone_ore":5,"minecraft:furnace":21,"minecraft:carrots":61,"minecraft:iron_ore":142,"minecraft:fire":1,"dead_guys_untitled_deep_dark_:cold_deep_stone":1,"minecraft:andesite":7,"minecraft:bell":1,"minecraft:potatoes":19,"minecraft:vine":1,"minecraft:stone":230,"minecraft:bone_block":38,"dead_guys_untitled_deep_dark_:cold_sculk":1,"minecraft:melon_stem":1,"minecraft:crafting_table":9,"minecraft:torch":1,"minecraft:poppy":1,"minecraft:nether_quartz_ore":6,"minecraft:tall_grass":5,"minecraft:cobblestone":9,"minecraft:lapis_ore":7,"minecraft:oak_planks":6,"minecraft:birch_log":37,"minecraft:wheat":21,"minecraft:birch_leaves":2,"minecraft:yellow_bed":4,"minecraft:grass":62,"minecraft:oak_log":214,"minecraft:coal_ore":343,"minecraft:beetroots":20,"minecraft:gravel":6,"minecraft:sand":40,"minecraft:dirt":28,"dead_guys_untitled_deep_dark_:cold_sculk_prairie":1,"minecraft:netherrack":19,"minecraft:gold_ore":20,"minecraft:oak_leaves":57},"minecraft:crafted":{"minecraft:oak_planks":310,"minecraft:stone_shovel":1,"minecraft:cooked_chicken":3,"minecraft:furnace":6,"minecraft:bone_meal":342,"minecraft:flint_and_steel":1,"minecraft:iron_boots":2,"minecraft:iron_axe":2,"minecraft:stone_pickaxe":1,"minecraft:chest":7,"minecraft:stone_hoe":2,"minecraft:wheat":180,"minecraft:crafting_table":4,"minecraft:iron_helmet":2,"minecraft:wooden_pickaxe":1,"minecraft:iron_sword":1,"minecraft:bucket":1,"minecraft:stone_axe":1,"minecraft:bread":60,"minecraft:air":0,"minecraft:oak_boat":1,"minecraft:iron_chestplate":3,"minecraft:shield":2,"minecraft:stick":128,"minecraft:iron_ingot":102,"minecraft:iron_pickaxe":4,"minecraft:wooden_axe":2,"minecraft:iron_leggings":3,"exoticbirds:cooked_birdmeat":22,"minecraft:gold_ingot":4,"minecraft:acacia_planks":4,"minecraft:torch":348},"minecraft:used":{"minecraft:flint_and_steel":1,"minecraft:stone_shovel":48,"minecraft:chest":8,"minecraft:shield":19,"minecraft:iron_sword":580,"minecraft:cooked_chicken":3,"minecraft:stone_hoe":33,"minecraft:rotten_flesh":3,"minecraft:netherrack":18,"minecraft:torch":67,"minecraft:dirt":104,"minecraft:mutton":4,"minecraft:carrot":109,"minecraft:granite":1,"minecraft:birch_door":1,"minecraft:wooden_axe":64,"farmersdelight:tomato":4,"minecraft:iron_axe":249,"minecraft:furnace":22,"minecraft:cooked_cod":1,"minecraft:potato":13,"farmersdelight:tomato_seeds":4,"minecraft:wheat_seeds":3,"minecraft:water_bucket":35,"minecraft:diorite":1,"minecraft:iron_ore":4,"minecraft:stone_pickaxe":84,"minecraft:oak_planks":95,"minecraft:wooden_pickaxe":17,"minecraft:sandstone":9,"farmersdelight:onion":2,"minecraft:sand":38,"minecraft:crafting_table":11,"minecraft:white_bed":1,"minecraft:bread":18,"minecraft:iron_pickaxe":786,"minecraft:gravel":5,"minecraft:stone_axe":86,"exoticbirds:cooked_birdmeat":22,"minecraft:cobblestone":130,"minecraft:andesite":3,"minecraft:bucket":36,"minecraft:yellow_bed":5,"minecraft:oak_boat":3,"alexsmobs:animal_dictionary":3,"minecraft:bone_meal":241},"minecraft:killed_by":{"minecraft:player":7,"minecraft:creeper":2,"minecraft:skeleton":1,"minecraft:zombie":2,"alexsmobs:moose":1,"mowziesmobs:barakoan_barakoana":1},"minecraft:killed":{"mowziesmobs:barakoan_barakoana":2,"alexsmobs:raccoon":1,"minecraft:spider":10,"alexsmobs:rattlesnake":2,"minecraft:skeleton":13,"minecraft:drowned":1,"minecraft:husk":10,"alexsmobs:guster":6,"minecraft:zombie_villager":1,"alexsmobs:seal":1,"exoticbirds:ostrich":4,"alexsmobs:crimson_mosquito":2,"alexsmobs:emu":1,"exoticbirds:penguin":1,"minecraft:sheep":5,"minecraft:pillager":2,"minecraft:zombie":14,"alexsmobs:gazelle":2,"alexsmobs:moose":2,"alexsmobs:crow":2,"minecraft:enderman":3}},"DataVersion":2586}