{"stats":{"minecraft:custom":{"minecraft:mob_kills":41,"minecraft:interact_with_crafting_table":34,"minecraft:time_since_death":5410,"minecraft:climb_one_cm":1903,"minecraft:sprint_one_cm":282367,"minecraft:walk_one_cm":228726,"minecraft:drop":9,"minecraft:talked_to_villager":2,"minecraft:deaths":4,"minecraft:sneak_time":699,"minecraft:walk_under_water_one_cm":9604,"minecraft:jump":1451,"minecraft:walk_on_water_one_cm":35044,"minecraft:interact_with_furnace":68,"minecraft:play_one_minute":100087,"minecraft:sleep_in_bed":3,"minecraft:time_since_rest":1575,"minecraft:damage_taken":2874,"minecraft:damage_dealt":8107,"minecraft:swim_one_cm":6292,"minecraft:fly_one_cm":303269,"minecraft:open_chest":37,"minecraft:crouch_one_cm":1241,"minecraft:fall_one_cm":33220},"minecraft:used":{"minecraft:flint_and_steel":1,"minecraft:chest":2,"minecraft:shield":11,"minecraft:iron_sword":169,"minecraft:stone_hoe":26,"minecraft:cooked_chicken":3,"minecraft:netherrack":17,"minecraft:torch":52,"minecraft:mutton":4,"minecraft:wooden_axe":63,"minecraft:furnace":11,"minecraft:potato":8,"farmersdelight:tomato_seeds":4,"minecraft:wheat_seeds":2,"minecraft:water_bucket":24,"minecraft:iron_ore":4,"minecraft:stone_pickaxe":84,"minecraft:oak_planks":18,"minecraft:wooden_pickaxe":17,"farmersdelight:onion":2,"minecraft:crafting_table":7,"minecraft:bread":16,"minecraft:iron_pickaxe":486,"minecraft:gravel":3,"minecraft:stone_axe":86,"exoticbirds:cooked_birdmeat":22,"minecraft:cobblestone":61,"minecraft:andesite":1,"minecraft:bucket":24,"minecraft:yellow_bed":3,"alexsmobs:animal_dictionary":3,"minecraft:bone_meal":50},"minecraft:mined":{"minecraft:nether_gold_ore":12,"farmersdelight:wild_carrots":3,"minecraft:grass_block":7,"farmersdelight:tomatoes":3,"minecraft:hay_block":20,"minecraft:redstone_ore":4,"minecraft:furnace":12,"minecraft:carrots":15,"minecraft:iron_ore":84,"minecraft:fire":1,"dead_guys_untitled_deep_dark_:cold_deep_stone":1,"minecraft:andesite":6,"minecraft:potatoes":3,"minecraft:stone":170,"minecraft:bone_block":38,"dead_guys_untitled_deep_dark_:cold_sculk":1,"minecraft:crafting_table":7,"minecraft:torch":1,"minecraft:nether_quartz_ore":6,"minecraft:tall_grass":3,"minecraft:lapis_ore":5,"minecraft:wheat":1,"minecraft:yellow_bed":2,"minecraft:grass":42,"minecraft:coal_ore":207,"minecraft:oak_log":63,"minecraft:gravel":6,"minecraft:dirt":3,"dead_guys_untitled_deep_dark_:cold_sculk_prairie":1,"minecraft:netherrack":18,"minecraft:gold_ore":12},"minecraft:dropped":{"minecraft:bread":15,"minecraft:stone_hoe":1,"minecraft:iron_ingot":7,"minecraft:torch":64,"alexsmobs:animal_dictionary":1,"minecraft:leather_leggings":1,"dead_guys_untitled_deep_dark_:cold_sculk_prairie":1},"minecraft:killed_by":{"minecraft:player":1,"minecraft:creeper":1,"minecraft:skeleton":1,"minecraft:zombie":1},"minecraft:picked_up":{"minecraft:crafting_table":7,"alexsmobs:gazelle_horn":1,"minecraft:string":3,"minecraft:gold_nugget":48,"minecraft:poppy":2,"minecraft:birch_sapling":1,"minecraft:furnace":12,"minecraft:stick":6,"dead_guys_untitled_deep_dark_:cold_deep_stone":1,"minecraft:torch":8,"farmersdelight:tomato_seeds":3,"minecraft:carrot":33,"minecraft:redstone":16,"minecraft:arrow":12,"minecraft:rotten_flesh":15,"minecraft:hay_block":20,"minecraft:mutton":14,"minecraft:cobblestone":189,"minecraft:white_wool":2,"exoticbirds:raw_birdmeat":19,"minecraft:bone_block":38,"minecraft:feather":7,"minecraft:andesite":6,"minecraft:brown_wool":1,"minecraft:potato":5,"minecraft:flint":2,"minecraft:oak_log":63,"minecraft:yellow_bed":3,"minecraft:gunpowder":4,"minecraft:dirt":22,"minecraft:lapis_lazuli":23,"farmersdelight:tomato":4,"minecraft:bone":6,"minecraft:apple":3,"minecraft:wheat_seeds":1,"minecraft:iron_ingot":14,"minecraft:iron_ore":105,"minecraft:oak_planks":7,"minecraft:quartz":3,"minecraft:gravel":5,"minecraft:sand":1,"dead_guys_untitled_deep_dark_:cold_sculk_prairie":1,"minecraft:gold_ore":12,"alexsmobs:rattlesnake_rattle":1,"minecraft:granite":1,"minecraft:gray_wool":1,"minecraft:bread":10,"minecraft:black_wool":1,"minecraft:netherrack":17,"minecraft:coal":381},"minecraft:broken":{"minecraft:leather_helmet":1,"minecraft:stone_axe":1,"minecraft:iron_pickaxe":1,"minecraft:wooden_axe":1},"minecraft:killed":{"alexsmobs:raccoon":1,"minecraft:spider":3,"alexsmobs:rattlesnake":2,"minecraft:skeleton":7,"minecraft:husk":6,"alexsmobs:guster":1,"minecraft:zombie_villager":1,"exoticbirds:ostrich":4,"alexsmobs:crimson_mosquito":2,"alexsmobs:emu":1,"minecraft:sheep":5,"minecraft:zombie":3,"alexsmobs:gazelle":2,"alexsmobs:crow":2,"minecraft:enderman":1},"minecraft:crafted":{"minecraft:oak_planks":98,"minecraft:cooked_chicken":3,"minecraft:furnace":4,"minecraft:bone_meal":63,"minecraft:flint_and_steel":1,"minecraft:iron_boots":1,"minecraft:stone_pickaxe":1,"minecraft:chest":2,"minecraft:stone_hoe":1,"minecraft:wheat":180,"minecraft:crafting_table":2,"minecraft:wooden_pickaxe":1,"minecraft:iron_helmet":1,"minecraft:iron_sword":1,"minecraft:bucket":1,"minecraft:stone_axe":1,"minecraft:bread":60,"minecraft:air":0,"minecraft:iron_chestplate":1,"minecraft:shield":1,"minecraft:stick":76,"minecraft:iron_ingot":50,"minecraft:iron_pickaxe":2,"minecraft:wooden_axe":2,"exoticbirds:cooked_birdmeat":22,"minecraft:iron_leggings":1,"minecraft:torch":212}},"DataVersion":2586}