{"stats":{"minecraft:custom":{"minecraft:interact_with_furnace":65,"minecraft:mob_kills":31,"minecraft:interact_with_crafting_table":28,"minecraft:play_one_minute":76087,"minecraft:time_since_death":49088,"minecraft:sleep_in_bed":1,"minecraft:climb_one_cm":1903,"minecraft:time_since_rest":49187,"minecraft:sprint_one_cm":234249,"minecraft:damage_taken":1563,"minecraft:walk_one_cm":168240,"minecraft:drop":7,"minecraft:damage_dealt":6060,"minecraft:talked_to_villager":2,"minecraft:swim_one_cm":6292,"minecraft:fly_one_cm":242293,"minecraft:open_chest":24,"minecraft:crouch_one_cm":600,"minecraft:deaths":1,"minecraft:sneak_time":409,"minecraft:walk_under_water_one_cm":5338,"minecraft:jump":1092,"minecraft:walk_on_water_one_cm":25312,"minecraft:fall_one_cm":25558},"minecraft:used":{"minecraft:wheat_seeds":1,"minecraft:water_bucket":11,"minecraft:iron_ore":4,"minecraft:flint_and_steel":1,"minecraft:stone_pickaxe":84,"minecraft:oak_planks":18,"minecraft:wooden_pickaxe":17,"minecraft:shield":10,"minecraft:iron_sword":106,"minecraft:stone_hoe":26,"minecraft:cooked_chicken":3,"minecraft:netherrack":17,"minecraft:torch":26,"farmersdelight:onion":2,"minecraft:mutton":4,"minecraft:crafting_table":6,"minecraft:wooden_axe":61,"minecraft:bread":9,"minecraft:iron_pickaxe":236,"minecraft:gravel":3,"minecraft:stone_axe":86,"exoticbirds:cooked_birdmeat":22,"minecraft:cobblestone":31,"minecraft:furnace":10,"minecraft:bucket":12,"minecraft:andesite":1,"minecraft:yellow_bed":2,"alexsmobs:animal_dictionary":3,"minecraft:potato":8,"farmersdelight:tomato_seeds":4},"minecraft:mined":{"minecraft:nether_gold_ore":12,"farmersdelight:wild_carrots":3,"minecraft:crafting_table":5,"minecraft:torch":1,"minecraft:grass_block":7,"minecraft:nether_quartz_ore":6,"minecraft:tall_grass":3,"farmersdelight:tomatoes":2,"minecraft:lapis_ore":2,"minecraft:hay_block":20,"minecraft:furnace":11,"minecraft:iron_ore":44,"minecraft:wheat":1,"dead_guys_untitled_deep_dark_:cold_deep_stone":1,"minecraft:andesite":1,"minecraft:yellow_bed":2,"minecraft:grass":42,"minecraft:oak_log":63,"minecraft:coal_ore":131,"minecraft:gravel":3,"minecraft:dirt":3,"dead_guys_untitled_deep_dark_:cold_sculk_prairie":1,"minecraft:stone":99,"minecraft:gold_ore":1,"minecraft:netherrack":18,"dead_guys_untitled_deep_dark_:cold_sculk":1},"minecraft:dropped":{"minecraft:stone_hoe":1,"minecraft:iron_ingot":2,"minecraft:bread":10,"alexsmobs:animal_dictionary":1,"minecraft:torch":64,"minecraft:leather_leggings":1,"dead_guys_untitled_deep_dark_:cold_sculk_prairie":1},"minecraft:killed_by":{"minecraft:skeleton":1},"minecraft:picked_up":{"minecraft:crafting_table":5,"minecraft:feather":7,"minecraft:andesite":1,"minecraft:brown_wool":1,"minecraft:flint":1,"minecraft:oak_log":63,"minecraft:yellow_bed":2,"minecraft:gunpowder":2,"minecraft:lapis_lazuli":10,"alexsmobs:gazelle_horn":1,"minecraft:dirt":22,"minecraft:bone":4,"minecraft:apple":3,"minecraft:wheat_seeds":1,"minecraft:gold_nugget":48,"minecraft:iron_ingot":9,"minecraft:iron_ore":51,"minecraft:poppy":2,"minecraft:birch_sapling":1,"minecraft:oak_planks":7,"minecraft:furnace":11,"minecraft:stick":6,"dead_guys_untitled_deep_dark_:cold_deep_stone":1,"minecraft:torch":6,"minecraft:quartz":3,"minecraft:gravel":3,"farmersdelight:tomato_seeds":2,"minecraft:carrot":4,"dead_guys_untitled_deep_dark_:cold_sculk_prairie":1,"minecraft:arrow":2,"minecraft:rotten_flesh":13,"minecraft:hay_block":20,"alexsmobs:rattlesnake_rattle":1,"minecraft:gray_wool":1,"minecraft:bread":10,"minecraft:netherrack":17,"minecraft:black_wool":1,"minecraft:mutton":11,"minecraft:coal":298,"exoticbirds:raw_birdmeat":19,"minecraft:white_wool":2,"minecraft:cobblestone":112},"minecraft:broken":{"minecraft:leather_helmet":1,"minecraft:stone_axe":1,"minecraft:wooden_axe":1},"minecraft:killed":{"minecraft:husk":6,"alexsmobs:raccoon":1,"minecraft:spider":2,"exoticbirds:ostrich":4,"alexsmobs:rattlesnake":2,"alexsmobs:crimson_mosquito":2,"alexsmobs:emu":1,"minecraft:sheep":5,"minecraft:skeleton":2,"minecraft:zombie":1,"alexsmobs:gazelle":2,"alexsmobs:crow":2,"minecraft:enderman":1},"minecraft:crafted":{"minecraft:oak_planks":78,"minecraft:crafting_table":2,"minecraft:iron_helmet":1,"minecraft:wooden_pickaxe":1,"minecraft:cooked_chicken":3,"minecraft:iron_sword":1,"minecraft:furnace":4,"minecraft:bucket":1,"minecraft:stone_axe":1,"minecraft:bread":60,"minecraft:air":0,"minecraft:flint_and_steel":1,"minecraft:iron_chestplate":1,"minecraft:iron_boots":1,"minecraft:shield":1,"minecraft:stick":68,"minecraft:iron_ingot":49,"minecraft:iron_pickaxe":1,"minecraft:stone_pickaxe":1,"minecraft:wooden_axe":2,"exoticbirds:cooked_birdmeat":22,"minecraft:iron_leggings":1,"minecraft:torch":212,"minecraft:stone_hoe":1,"minecraft:wheat":180}},"DataVersion":2586}