{"stats":{"minecraft:custom":{"minecraft:interact_with_anvil":1,"minecraft:mob_kills":107,"minecraft:interact_with_crafting_table":61,"minecraft:bell_ring":27,"minecraft:leave_game":4,"minecraft:time_since_death":27275,"minecraft:climb_one_cm":6078,"minecraft:sprint_one_cm":745466,"minecraft:walk_one_cm":609979,"minecraft:drop":22,"minecraft:talked_to_villager":2,"minecraft:sneak_time":2161,"minecraft:deaths":16,"minecraft:walk_under_water_one_cm":23525,"minecraft:boat_one_cm":76350,"minecraft:jump":4458,"minecraft:walk_on_water_one_cm":68186,"minecraft:interact_with_furnace":104,"minecraft:play_one_minute":265277,"minecraft:sleep_in_bed":5,"minecraft:time_since_rest":27338,"minecraft:damage_taken":7920,"minecraft:damage_dealt":22705,"minecraft:player_kills":9,"minecraft:swim_one_cm":58969,"minecraft:fly_one_cm":1102256,"minecraft:crouch_one_cm":5081,"minecraft:open_chest":188,"minecraft:fall_one_cm":101363},"minecraft:broken":{"minecraft:leather_helmet":1,"minecraft:iron_boots":2,"minecraft:iron_leggings":1,"mowziesmobs:barakoa_mask_rage":1,"minecraft:iron_axe":1,"minecraft:stone_axe":1,"minecraft:iron_sword":1,"minecraft:iron_pickaxe":3,"minecraft:iron_helmet":2,"minecraft:wooden_axe":1},"minecraft:picked_up":{"minecraft:crafting_table":10,"minecraft:iron_chestplate":1,"minecraft:wheat":14,"minecraft:smithing_table":2,"minecraft:brown_bed":3,"dead_guys_untitled_deep_dark_:dahlia_petal":1,"alexsmobs:gazelle_horn":1,"minecraft:string":19,"minecraft:red_bed":2,"minecraft:iron_axe":1,"minecraft:item_frame":1,"minecraft:beetroot":20,"minecraft:cartography_table":1,"minecraft:gold_nugget":48,"minecraft:oak_boat":2,"minecraft:poppy":4,"minecraft:iron_pickaxe":2,"minecraft:birch_sapling":23,"minecraft:furnace":21,"minecraft:stick":37,"minecraft:sandstone":9,"dead_guys_untitled_deep_dark_:cold_deep_stone":1,"minecraft:torch":13,"minecraft:acacia_log":1,"farmersdelight:tomato_seeds":4,"minecraft:diorite":1,"minecraft:carrot":278,"minecraft:redstone":22,"minecraft:light_blue_bed":1,"minecraft:orange_bed":3,"minecraft:arrow":31,"minecraft:light_gray_bed":2,"minecraft:rotten_flesh":78,"minecraft:beetroot_seeds":48,"minecraft:hay_block":24,"minecraft:iron_block":1,"minecraft:mutton":14,"minecraft:bone_block":38,"exoticbirds:raw_birdmeat":27,"minecraft:white_wool":2,"minecraft:cobblestone":288,"minecraft:birch_log":37,"minecraft:feather":13,"minecraft:water_bucket":1,"minecraft:andesite":9,"minecraft:black_bed":2,"minecraft:brown_wool":2,"minecraft:potato":41,"minecraft:birch_planks":14,"minecraft:flint":2,"minecraft:light_gray_dye":2,"minecraft:oak_log":211,"minecraft:yellow_bed":5,"minecraft:magenta_bed":1,"minecraft:gunpowder":5,"minecraft:lapis_lazuli":32,"minecraft:dirt":133,"farmersdelight:tomato":4,"minecraft:blue_bed":2,"minecraft:white_banner":1,"mowziesmobs:barakoa_mask_rage":1,"minecraft:bone":32,"minecraft:apple":7,"minecraft:bow":2,"minecraft:wheat_seeds":38,"minecraft:bell":1,"minecraft:iron_ingot":30,"minecraft:cobweb":1,"minecraft:iron_ore":237,"minecraft:gray_bed":1,"minecraft:stone_hoe":1,"minecraft:oak_planks":16,"minecraft:quartz":3,"minecraft:gravel":25,"minecraft:sand":56,"minecraft:white_bed":2,"exoticbirds:mystery_egg":4,"dead_guys_untitled_deep_dark_:cold_sculk_prairie":1,"minecraft:gold_ore":23,"minecraft:spider_eye":2,"cgm:pistol":2,"alexsmobs:guster_eye":1,"minecraft:white_concrete_powder":3,"minecraft:clay":7,"alexsmobs:rattlesnake_rattle":1,"minecraft:granite":2,"minecraft:gray_wool":1,"minecraft:bread":10,"minecraft:netherrack":19,"alexsmobs:maggot":10,"minecraft:oak_sapling":27,"minecraft:damaged_anvil":1,"minecraft:black_wool":1,"minecraft:coal":687,"minecraft:ender_pearl":1,"minecraft:birch_door":1},"minecraft:dropped":{"minecraft:stone_hoe":1,"minecraft:water_bucket":1,"minecraft:bread":15,"minecraft:iron_ingot":7,"minecraft:iron_sword":1,"minecraft:wheat_seeds":1,"minecraft:feather":3,"minecraft:torch":64,"minecraft:bone":6,"minecraft:gravel":2,"cgm:pistol":1,"alexsmobs:maggot":9,"alexsmobs:animal_dictionary":1,"minecraft:rotten_flesh":1,"minecraft:poppy":1,"minecraft:iron_chestplate":1,"minecraft:leather_leggings":1,"dead_guys_untitled_deep_dark_:cold_sculk_prairie":1,"minecraft:netherrack":1},"minecraft:mined":{"minecraft:nether_gold_ore":12,"minecraft:white_bed":2,"farmersdelight:wild_carrots":5,"minecraft:acacia_log":1,"minecraft:grass_block":24,"minecraft:light_gray_bed":2,"farmersdelight:tomatoes":3,"minecraft:cartography_table":1,"minecraft:sandstone":10,"minecraft:hay_block":24,"minecraft:redstone_ore":5,"minecraft:carrots":72,"minecraft:furnace":21,"minecraft:iron_ore":172,"minecraft:fire":1,"dead_guys_untitled_deep_dark_:cold_deep_stone":1,"minecraft:andesite":7,"minecraft:brown_bed":3,"minecraft:bell":1,"minecraft:potatoes":25,"minecraft:vine":1,"minecraft:stone":246,"minecraft:iron_block":1,"minecraft:bone_block":38,"minecraft:orange_bed":3,"dead_guys_untitled_deep_dark_:cold_sculk":1,"minecraft:smithing_table":2,"minecraft:red_bed":2,"farmersdelight:organic_compost":1,"minecraft:melon_stem":1,"minecraft:crafting_table":10,"minecraft:torch":1,"minecraft:poppy":1,"minecraft:dead_bush":1,"minecraft:campfire":1,"minecraft:nether_quartz_ore":6,"minecraft:tall_grass":12,"minecraft:cobblestone":11,"minecraft:lapis_ore":7,"minecraft:oak_planks":6,"minecraft:damaged_anvil":1,"minecraft:blue_bed":3,"minecraft:birch_planks":15,"minecraft:light_blue_bed":1,"minecraft:birch_log":37,"minecraft:wheat":22,"minecraft:magenta_bed":1,"minecraft:gray_bed":1,"minecraft:birch_leaves":2,"minecraft:black_bed":2,"minecraft:yellow_bed":4,"minecraft:grass":70,"minecraft:coal_ore":416,"minecraft:oak_log":214,"minecraft:beetroots":28,"minecraft:gravel":6,"minecraft:sand":40,"minecraft:dirt":30,"minecraft:gold_ore":20,"dead_guys_untitled_deep_dark_:cold_sculk_prairie":1,"minecraft:netherrack":19,"minecraft:oak_leaves":57},"minecraft:crafted":{"minecraft:oak_planks":310,"minecraft:stone_shovel":1,"minecraft:cooked_chicken":3,"minecraft:furnace":6,"minecraft:bone_meal":342,"minecraft:flint_and_steel":1,"minecraft:iron_boots":2,"minecraft:iron_axe":2,"minecraft:ladder":9,"minecraft:stone_pickaxe":1,"minecraft:chest":7,"minecraft:stone_hoe":2,"minecraft:wheat":180,"minecraft:crafting_table":5,"minecraft:iron_helmet":2,"minecraft:wooden_pickaxe":1,"minecraft:iron_sword":1,"minecraft:bucket":1,"minecraft:birch_planks":148,"minecraft:stone_axe":1,"minecraft:bread":60,"minecraft:air":0,"minecraft:oak_boat":1,"minecraft:iron_chestplate":3,"minecraft:shield":2,"minecraft:stick":128,"minecraft:iron_ingot":102,"minecraft:iron_pickaxe":4,"minecraft:wooden_axe":2,"minecraft:iron_leggings":3,"exoticbirds:cooked_birdmeat":22,"minecraft:gold_ingot":4,"minecraft:acacia_planks":4,"minecraft:torch":348},"minecraft:used":{"minecraft:flint_and_steel":1,"minecraft:stone_shovel":48,"minecraft:ladder":4,"minecraft:chest":8,"minecraft:shield":23,"minecraft:iron_sword":580,"minecraft:bell":1,"minecraft:cooked_chicken":3,"minecraft:rotten_flesh":3,"minecraft:stone_hoe":33,"minecraft:netherrack":18,"minecraft:orange_bed":3,"minecraft:torch":98,"minecraft:dirt":107,"minecraft:mutton":4,"minecraft:carrot":127,"minecraft:granite":1,"minecraft:birch_door":1,"minecraft:wooden_axe":64,"farmersdelight:tomato":4,"minecraft:iron_axe":397,"minecraft:birch_sapling":21,"minecraft:light_blue_bed":1,"minecraft:oak_sapling":27,"minecraft:furnace":22,"minecraft:cooked_cod":1,"minecraft:gray_bed":1,"minecraft:potato":13,"farmersdelight:tomato_seeds":4,"minecraft:light_gray_bed":2,"minecraft:brown_bed":3,"minecraft:wheat_seeds":3,"minecraft:water_bucket":36,"minecraft:diorite":1,"minecraft:damaged_anvil":1,"minecraft:iron_ore":4,"minecraft:birch_planks":121,"minecraft:stone_pickaxe":84,"minecraft:oak_planks":95,"minecraft:cartography_table":1,"minecraft:wooden_pickaxe":17,"minecraft:sandstone":9,"minecraft:blue_bed":2,"farmersdelight:onion":2,"minecraft:sand":38,"minecraft:red_bed":2,"minecraft:magenta_bed":1,"minecraft:crafting_table":13,"minecraft:white_bed":1,"minecraft:black_bed":2,"minecraft:bread":18,"minecraft:iron_pickaxe":909,"minecraft:gravel":5,"minecraft:stone_axe":86,"exoticbirds:cooked_birdmeat":22,"minecraft:cobblestone":139,"minecraft:smithing_table":2,"minecraft:andesite":3,"minecraft:bucket":37,"minecraft:oak_boat":3,"minecraft:yellow_bed":5,"alexsmobs:animal_dictionary":3,"minecraft:bone_meal":241},"minecraft:killed_by":{"minecraft:player":7,"minecraft:creeper":2,"minecraft:skeleton":1,"minecraft:zombie":3,"alexsmobs:moose":1,"mowziesmobs:barakoan_barakoana":1},"minecraft:killed":{"mowziesmobs:barakoan_barakoana":2,"alexsmobs:raccoon":1,"minecraft:spider":13,"alexsmobs:rattlesnake":2,"minecraft:skeleton":24,"minecraft:chicken":1,"minecraft:drowned":1,"minecraft:husk":10,"alexsmobs:guster":6,"minecraft:zombie_villager":1,"alexsmobs:seal":1,"exoticbirds:ostrich":4,"alexsmobs:crimson_mosquito":2,"alexsmobs:emu":1,"exoticbirds:penguin":1,"minecraft:sheep":5,"minecraft:pillager":2,"minecraft:zombie":17,"alexsmobs:gazelle":2,"alexsmobs:moose":2,"alexsmobs:crow":2,"minecraft:enderman":3}},"DataVersion":2586}