{"stats":{"minecraft:custom":{"minecraft:interact_with_crafting_table":75,"minecraft:bell_ring":43,"minecraft:leave_game":5,"minecraft:time_since_death":32481,"minecraft:sprint_one_cm":1058231,"minecraft:drop":127,"minecraft:talked_to_villager":3,"minecraft:deaths":18,"minecraft:jump":5803,"minecraft:walk_on_water_one_cm":85457,"minecraft:interact_with_furnace":130,"minecraft:play_one_minute":379570,"minecraft:sleep_in_bed":5,"minecraft:damage_dealt":28400,"minecraft:player_kills":9,"minecraft:crouch_one_cm":5170,"minecraft:mob_kills":137,"minecraft:interact_with_anvil":2,"minecraft:climb_one_cm":15916,"minecraft:walk_one_cm":909101,"minecraft:sneak_time":2554,"minecraft:walk_under_water_one_cm":33572,"minecraft:boat_one_cm":100677,"minecraft:time_since_rest":32514,"minecraft:damage_taken":9922,"minecraft:swim_one_cm":86749,"minecraft:fly_one_cm":1357307,"minecraft:open_chest":348,"minecraft:fall_one_cm":136802},"minecraft:broken":{"minecraft:iron_boots":2,"minecraft:iron_chestplate":1,"minecraft:iron_leggings":2,"mowziesmobs:barakoa_mask_rage":1,"minecraft:stone_axe":1,"minecraft:iron_sword":1,"minecraft:wooden_axe":1,"minecraft:leather_helmet":1,"minecraft:stone_hoe":1,"minecraft:iron_axe":3,"minecraft:iron_pickaxe":6,"minecraft:iron_helmet":2},"minecraft:picked_up":{"minecraft:birch_door":1,"minecraft:iron_chestplate":2,"minecraft:wheat":47,"minecraft:smithing_table":2,"minecraft:brown_bed":6,"minecraft:string":41,"alexsmobs:gazelle_horn":1,"minecraft:cooked_salmon":4,"minecraft:beetroot":41,"minecraft:gold_nugget":48,"farmersdelight:cabbage":1,"minecraft:iron_pickaxe":2,"minecraft:melon_slice":1,"farmersdelight:cabbage_seeds":5,"minecraft:furnace":29,"minecraft:stick":45,"minecraft:torch":153,"minecraft:acacia_log":1,"minecraft:sandstone_wall":1,"minecraft:porkchop":13,"minecraft:diorite":45,"minecraft:yellow_banner":2,"minecraft:orange_bed":6,"minecraft:light_gray_bed":5,"minecraft:rotten_flesh":143,"minecraft:iron_block":2,"minecraft:cobblestone":622,"minecraft:birch_log":37,"minecraft:feather":13,"minecraft:water_bucket":2,"minecraft:andesite":91,"minecraft:black_bed":7,"minecraft:brown_wool":3,"minecraft:potato":134,"minecraft:flint":5,"minecraft:light_gray_dye":4,"minecraft:magenta_bed":3,"minecraft:dirt":466,"minecraft:lapis_lazuli":225,"farmersdelight:tomato":4,"minecraft:bone":55,"minecraft:acacia_planks":2,"minecraft:bow":2,"minecraft:wheat_seeds":70,"minecraft:bell":1,"minecraft:stone_hoe":2,"minecraft:oak_planks":87,"minecraft:sand":67,"exoticbirds:mystery_egg":8,"dead_guys_untitled_deep_dark_:cold_sculk_prairie":1,"cgm:pistol":3,"alexsmobs:guster_eye":3,"minecraft:clay":14,"alexsmobs:rattlesnake_rattle":1,"minecraft:granite":2,"minecraft:bone_meal":101,"minecraft:bread":44,"minecraft:emerald":19,"alexsmobs:maggot":13,"minecraft:oak_sapling":27,"minecraft:netherrack":19,"minecraft:crafting_table":12,"minecraft:azure_bluet":1,"minecraft:ladder":7,"dead_guys_untitled_deep_dark_:dahlia_petal":1,"minecraft:cornflower":2,"minecraft:iron_axe":1,"minecraft:red_bed":4,"minecraft:item_frame":1,"minecraft:iron_shovel":1,"minecraft:birch_fence":2,"minecraft:cartography_table":1,"minecraft:oak_boat":2,"minecraft:poppy":4,"minecraft:chest":5,"minecraft:birch_sapling":24,"minecraft:egg":1,"minecraft:dark_oak_sapling":1,"minecraft:sandstone":9,"dead_guys_untitled_deep_dark_:cold_deep_stone":1,"farmersdelight:tomato_seeds":8,"minecraft:carrot":437,"minecraft:redstone":24,"minecraft:light_blue_bed":2,"minecraft:stone_shovel":1,"minecraft:arrow":67,"minecraft:cooked_cod":3,"minecraft:beetroot_seeds":102,"minecraft:hay_block":70,"minecraft:sandstone_stairs":2,"minecraft:mutton":14,"minecraft:white_wool":2,"exoticbirds:raw_birdmeat":32,"minecraft:bone_block":38,"minecraft:birch_planks":65,"minecraft:oak_log":330,"minecraft:yellow_bed":6,"minecraft:gunpowder":12,"minecraft:blue_bed":5,"minecraft:white_banner":1,"mowziesmobs:barakoa_mask_rage":1,"minecraft:apple":12,"minecraft:heart_of_the_sea":1,"minecraft:iron_ingot":46,"minecraft:cobweb":2,"minecraft:iron_ore":380,"minecraft:gray_bed":2,"minecraft:book":1,"minecraft:birch_boat":1,"minecraft:quartz":3,"minecraft:gravel":38,"minecraft:white_bed":2,"minecraft:gold_ore":34,"minecraft:spider_eye":5,"minecraft:white_concrete_powder":3,"minecraft:gray_wool":1,"minecraft:black_wool":1,"minecraft:damaged_anvil":2,"minecraft:coal":1102,"minecraft:ender_pearl":2},"minecraft:mined":{"minecraft:white_bed":2,"minecraft:acacia_log":1,"minecraft:grass_block":66,"minecraft:light_gray_bed":4,"minecraft:sandstone_stairs":2,"minecraft:iron_ore":277,"minecraft:fire":1,"dead_guys_untitled_deep_dark_:cold_deep_stone":1,"minecraft:brown_bed":7,"minecraft:iron_block":1,"dead_guys_untitled_deep_dark_:cold_sculk":1,"minecraft:orange_bed":6,"minecraft:red_bed":4,"farmersdelight:organic_compost":1,"minecraft:melon_stem":1,"minecraft:torch":2,"minecraft:poppy":1,"minecraft:chest":5,"minecraft:dead_bush":1,"minecraft:nether_quartz_ore":6,"minecraft:cobblestone":13,"minecraft:oak_planks":39,"minecraft:damaged_anvil":2,"minecraft:wall_torch":2,"minecraft:birch_log":37,"minecraft:wheat":26,"minecraft:magenta_bed":3,"minecraft:black_bed":7,"minecraft:grass":81,"minecraft:oak_log":214,"minecraft:beetroots":28,"minecraft:sand":40,"minecraft:dirt":241,"minecraft:sandstone_wall":1,"minecraft:netherrack":19,"minecraft:oak_leaves":57,"minecraft:nether_gold_ore":12,"minecraft:yellow_wall_banner":1,"minecraft:dark_oak_leaves":2,"farmersdelight:wild_carrots":5,"minecraft:ladder":1,"farmersdelight:tomatoes":3,"farmersdelight:wild_cabbages":8,"minecraft:cartography_table":1,"minecraft:sandstone":10,"minecraft:hay_block":66,"minecraft:redstone_ore":5,"minecraft:furnace":30,"minecraft:carrots":87,"minecraft:andesite":89,"minecraft:bell":2,"minecraft:potatoes":68,"minecraft:vine":1,"minecraft:stone":500,"minecraft:bone_block":38,"minecraft:smithing_table":2,"minecraft:crafting_table":12,"minecraft:campfire":1,"minecraft:tall_grass":13,"minecraft:lapis_ore":25,"minecraft:diorite":44,"minecraft:blue_bed":6,"farmersdelight:wild_beetroots":9,"minecraft:birch_planks":28,"minecraft:light_blue_bed":2,"minecraft:gray_bed":2,"minecraft:birch_leaves":2,"minecraft:yellow_bed":5,"minecraft:coal_ore":565,"minecraft:gravel":6,"dead_guys_untitled_deep_dark_:cold_sculk_prairie":1,"minecraft:gold_ore":31,"minecraft:birch_fence":1},"minecraft:dropped":{"minecraft:iron_sword":1,"minecraft:bone":6,"minecraft:gravel":2,"cgm:pistol":1,"alexsmobs:animal_dictionary":1,"minecraft:rotten_flesh":1,"minecraft:oak_planks":42,"minecraft:carrot":99,"minecraft:sandstone_wall":1,"minecraft:poppy":1,"minecraft:beetroot_seeds":6,"minecraft:leather_leggings":1,"minecraft:netherrack":1,"minecraft:water_bucket":1,"minecraft:stone_hoe":1,"minecraft:bread":68,"minecraft:iron_ingot":7,"minecraft:wheat_seeds":1,"minecraft:feather":3,"minecraft:torch":64,"alexsmobs:maggot":9,"farmersdelight:cabbage_seeds":5,"minecraft:iron_chestplate":1,"dead_guys_untitled_deep_dark_:cold_sculk_prairie":1},"minecraft:crafted":{"minecraft:oak_planks":310,"minecraft:birch_boat":1,"minecraft:cooked_chicken":3,"minecraft:iron_boots":3,"minecraft:chest":11,"minecraft:stone_hoe":2,"minecraft:crafting_table":7,"minecraft:wooden_pickaxe":1,"minecraft:baked_potato":20,"minecraft:iron_helmet":3,"minecraft:birch_planks":148,"minecraft:iron_chestplate":4,"minecraft:shield":2,"minecraft:stick":128,"minecraft:iron_ingot":206,"minecraft:iron_pickaxe":5,"minecraft:gold_ingot":15,"minecraft:stone_shovel":1,"minecraft:furnace":8,"minecraft:bone_meal":342,"minecraft:flint_and_steel":1,"minecraft:iron_axe":2,"minecraft:ladder":9,"minecraft:stone_pickaxe":1,"minecraft:wheat":531,"minecraft:iron_sword":2,"minecraft:bucket":4,"minecraft:stone_axe":1,"minecraft:bread":177,"minecraft:air":0,"minecraft:oak_boat":1,"minecraft:wooden_axe":2,"exoticbirds:cooked_birdmeat":22,"minecraft:iron_leggings":4,"minecraft:acacia_planks":4,"minecraft:torch":364},"minecraft:used":{"minecraft:iron_shovel":90,"minecraft:ladder":10,"minecraft:chest":17,"minecraft:shield":32,"farmersdelight:cabbage":1,"minecraft:iron_sword":603,"minecraft:bell":1,"minecraft:rotten_flesh":3,"minecraft:mutton":4,"minecraft:carrot":236,"farmersdelight:tomato":4,"minecraft:birch_sapling":21,"minecraft:light_blue_bed":2,"minecraft:hay_block":3,"minecraft:furnace":30,"minecraft:oak_sapling":27,"minecraft:cooked_cod":1,"minecraft:gray_bed":2,"minecraft:potato":117,"minecraft:dark_oak_sapling":1,"minecraft:diorite":12,"minecraft:damaged_anvil":2,"minecraft:stone_pickaxe":84,"minecraft:oak_planks":150,"minecraft:wooden_pickaxe":17,"minecraft:sandstone":9,"minecraft:blue_bed":5,"minecraft:sand":38,"minecraft:black_bed":7,"minecraft:bread":42,"minecraft:gravel":5,"exoticbirds:cooked_birdmeat":22,"minecraft:smithing_table":2,"minecraft:andesite":3,"minecraft:oak_boat":3,"minecraft:bone_meal":241,"minecraft:flint_and_steel":1,"minecraft:stone_shovel":48,"minecraft:stone_hoe":110,"minecraft:cooked_chicken":3,"minecraft:netherrack":18,"minecraft:orange_bed":6,"minecraft:torch":156,"minecraft:dirt":251,"minecraft:granite":1,"minecraft:birch_door":1,"minecraft:wooden_axe":64,"minecraft:iron_axe":637,"farmersdelight:tomato_seeds":4,"minecraft:light_gray_bed":5,"minecraft:brown_bed":6,"minecraft:wheat_seeds":3,"minecraft:water_bucket":64,"minecraft:iron_ore":4,"minecraft:birch_planks":123,"minecraft:cartography_table":1,"minecraft:birch_boat":1,"farmersdelight:onion":2,"minecraft:crafting_table":17,"minecraft:red_bed":4,"minecraft:magenta_bed":3,"minecraft:white_bed":1,"minecraft:iron_pickaxe":1595,"minecraft:stone_axe":86,"minecraft:cobblestone":204,"minecraft:bucket":68,"minecraft:yellow_bed":6,"alexsmobs:animal_dictionary":3},"minecraft:killed_by":{"minecraft:creeper":2,"minecraft:zombie":3,"mowziesmobs:barakoan_barakoana":1,"minecraft:player":7,"minecraft:skeleton":2,"alexsmobs:moose":1},"minecraft:killed":{"mowziesmobs:barakoan_barakoana":2,"minecraft:spider":16,"minecraft:skeleton":31,"minecraft:chicken":1,"minecraft:pig":6,"minecraft:zombie_villager":1,"alexsmobs:seal":1,"minecraft:creeper":5,"alexsmobs:crimson_mosquito":2,"exoticbirds:penguin":1,"minecraft:sheep":5,"minecraft:pillager":2,"minecraft:zombie":25,"alexsmobs:raccoon":1,"alexsmobs:rattlesnake":2,"minecraft:drowned":1,"minecraft:husk":10,"alexsmobs:guster":6,"exoticbirds:ostrich":4,"alexsmobs:emu":1,"alexsmobs:gazelle":2,"alexsmobs:moose":2,"alexsmobs:crow":2,"minecraft:enderman":3}},"DataVersion":2586}