{"stats":{"minecraft:killed_by":{"minecraft:player":2,"minecraft:creeper":1,"minecraft:skeleton":1,"minecraft:zombie":1,"mowziesmobs:barakoan_barakoana":1},"minecraft:broken":{"minecraft:leather_helmet":1,"minecraft:iron_boots":1,"minecraft:stone_axe":1,"minecraft:iron_pickaxe":2,"minecraft:iron_helmet":1,"minecraft:wooden_axe":1},"minecraft:mined":{"minecraft:nether_gold_ore":12,"farmersdelight:wild_carrots":3,"minecraft:grass_block":17,"farmersdelight:tomatoes":3,"minecraft:sandstone":9,"minecraft:hay_block":20,"minecraft:redstone_ore":4,"minecraft:furnace":14,"minecraft:carrots":32,"minecraft:iron_ore":84,"minecraft:fire":1,"dead_guys_untitled_deep_dark_:cold_deep_stone":1,"minecraft:andesite":6,"minecraft:potatoes":3,"minecraft:stone":170,"minecraft:bone_block":38,"dead_guys_untitled_deep_dark_:cold_sculk":1,"minecraft:crafting_table":7,"minecraft:torch":1,"minecraft:poppy":1,"minecraft:nether_quartz_ore":6,"minecraft:tall_grass":4,"minecraft:lapis_ore":5,"minecraft:wheat":2,"minecraft:yellow_bed":2,"minecraft:grass":45,"minecraft:oak_log":63,"minecraft:coal_ore":207,"minecraft:gravel":6,"minecraft:sand":24,"minecraft:dirt":10,"dead_guys_untitled_deep_dark_:cold_sculk_prairie":1,"minecraft:netherrack":18,"minecraft:gold_ore":12},"minecraft:picked_up":{"minecraft:crafting_table":7,"minecraft:wheat":1,"alexsmobs:gazelle_horn":1,"minecraft:string":3,"minecraft:gold_nugget":48,"minecraft:poppy":3,"minecraft:birch_sapling":1,"minecraft:furnace":14,"minecraft:stick":6,"minecraft:sandstone":8,"dead_guys_untitled_deep_dark_:cold_deep_stone":1,"minecraft:torch":8,"farmersdelight:tomato_seeds":3,"minecraft:carrot":102,"minecraft:redstone":16,"minecraft:arrow":12,"minecraft:rotten_flesh":17,"minecraft:hay_block":20,"minecraft:mutton":14,"minecraft:cobblestone":190,"minecraft:bone_block":38,"exoticbirds:raw_birdmeat":20,"minecraft:white_wool":2,"minecraft:feather":7,"minecraft:water_bucket":1,"minecraft:andesite":6,"minecraft:brown_wool":1,"minecraft:potato":5,"minecraft:flint":2,"minecraft:oak_log":63,"minecraft:yellow_bed":3,"minecraft:gunpowder":4,"minecraft:dirt":63,"minecraft:lapis_lazuli":23,"farmersdelight:tomato":4,"mowziesmobs:barakoa_mask_rage":1,"minecraft:bone":9,"minecraft:apple":3,"minecraft:wheat_seeds":3,"minecraft:iron_ingot":23,"minecraft:iron_ore":105,"minecraft:oak_planks":7,"minecraft:quartz":3,"minecraft:gravel":7,"minecraft:sand":26,"dead_guys_untitled_deep_dark_:cold_sculk_prairie":1,"minecraft:gold_ore":12,"alexsmobs:rattlesnake_rattle":1,"minecraft:granite":1,"minecraft:gray_wool":1,"minecraft:bread":10,"minecraft:netherrack":17,"minecraft:black_wool":1,"minecraft:coal":408},"minecraft:crafted":{"minecraft:oak_planks":98,"minecraft:stone_shovel":1,"minecraft:cooked_chicken":3,"minecraft:furnace":4,"minecraft:bone_meal":342,"minecraft:flint_and_steel":1,"minecraft:iron_boots":1,"minecraft:stone_pickaxe":1,"minecraft:chest":2,"minecraft:stone_hoe":2,"minecraft:wheat":180,"minecraft:crafting_table":2,"minecraft:wooden_pickaxe":1,"minecraft:iron_helmet":1,"minecraft:iron_sword":1,"minecraft:bucket":1,"minecraft:stone_axe":1,"minecraft:bread":60,"minecraft:air":0,"minecraft:iron_chestplate":2,"minecraft:shield":1,"minecraft:stick":84,"minecraft:iron_ingot":52,"minecraft:iron_pickaxe":2,"minecraft:wooden_axe":2,"exoticbirds:cooked_birdmeat":22,"minecraft:iron_leggings":1,"minecraft:torch":216},"minecraft:killed":{"mowziesmobs:barakoan_barakoana":2,"alexsmobs:raccoon":1,"minecraft:spider":3,"alexsmobs:rattlesnake":2,"minecraft:skeleton":7,"minecraft:drowned":1,"minecraft:husk":6,"alexsmobs:guster":1,"minecraft:zombie_villager":1,"alexsmobs:seal":1,"exoticbirds:ostrich":4,"alexsmobs:crimson_mosquito":2,"alexsmobs:emu":1,"minecraft:sheep":5,"minecraft:zombie":3,"alexsmobs:gazelle":2,"alexsmobs:crow":2,"minecraft:enderman":1},"minecraft:used":{"minecraft:flint_and_steel":1,"minecraft:stone_shovel":40,"minecraft:chest":3,"minecraft:shield":12,"minecraft:iron_sword":218,"minecraft:stone_hoe":33,"minecraft:cooked_chicken":3,"minecraft:netherrack":17,"minecraft:torch":53,"minecraft:dirt":10,"minecraft:mutton":4,"minecraft:carrot":5,"minecraft:wooden_axe":63,"farmersdelight:tomato":4,"minecraft:furnace":11,"minecraft:potato":13,"farmersdelight:tomato_seeds":4,"minecraft:wheat_seeds":3,"minecraft:water_bucket":26,"minecraft:iron_ore":4,"minecraft:stone_pickaxe":84,"minecraft:oak_planks":18,"minecraft:wooden_pickaxe":17,"farmersdelight:onion":2,"minecraft:sand":1,"minecraft:crafting_table":7,"minecraft:bread":18,"minecraft:iron_pickaxe":498,"minecraft:gravel":3,"minecraft:stone_axe":86,"exoticbirds:cooked_birdmeat":22,"minecraft:cobblestone":61,"minecraft:bucket":27,"minecraft:andesite":1,"minecraft:yellow_bed":3,"alexsmobs:animal_dictionary":3,"minecraft:bone_meal":241},"minecraft:custom":{"minecraft:mob_kills":45,"minecraft:interact_with_crafting_table":38,"minecraft:time_since_death":12958,"minecraft:climb_one_cm":1903,"minecraft:sprint_one_cm":317529,"minecraft:walk_one_cm":267799,"minecraft:drop":11,"minecraft:talked_to_villager":2,"minecraft:deaths":6,"minecraft:sneak_time":734,"minecraft:walk_under_water_one_cm":20428,"minecraft:boat_one_cm":56170,"minecraft:jump":1746,"minecraft:walk_on_water_one_cm":52599,"minecraft:interact_with_furnace":74,"minecraft:play_one_minute":123275,"minecraft:sleep_in_bed":4,"minecraft:time_since_rest":8419,"minecraft:damage_taken":3566,"minecraft:damage_dealt":9107,"minecraft:player_kills":2,"minecraft:swim_one_cm":47657,"minecraft:fly_one_cm":373575,"minecraft:open_chest":71,"minecraft:crouch_one_cm":1241,"minecraft:fall_one_cm":40662},"minecraft:dropped":{"minecraft:water_bucket":1,"minecraft:stone_hoe":1,"minecraft:iron_ingot":7,"minecraft:bread":15,"minecraft:wheat_seeds":1,"minecraft:torch":64,"alexsmobs:animal_dictionary":1,"minecraft:leather_leggings":1,"dead_guys_untitled_deep_dark_:cold_sculk_prairie":1}},"DataVersion":2586}