{"stats":{"minecraft:custom":{"minecraft:time_since_rest":16087,"minecraft:sprint_one_cm":64424,"minecraft:damage_taken":20,"minecraft:walk_one_cm":29562,"minecraft:mob_kills":9,"minecraft:drop":2,"minecraft:damage_dealt":1410,"minecraft:swim_one_cm":2321,"minecraft:talked_to_villager":1,"minecraft:interact_with_crafting_table":6,"minecraft:fly_one_cm":106996,"minecraft:open_chest":3,"minecraft:play_one_minute":16087,"minecraft:sneak_time":24,"minecraft:walk_under_water_one_cm":119,"minecraft:jump":364,"minecraft:walk_on_water_one_cm":430,"minecraft:time_since_death":16087,"minecraft:climb_one_cm":1176,"minecraft:fall_one_cm":10941},"minecraft:used":{"minecraft:wooden_axe":38,"minecraft:bread":2,"minecraft:stone_pickaxe":34,"minecraft:wooden_pickaxe":17,"minecraft:stone_axe":10,"minecraft:crafting_table":2,"alexsmobs:animal_dictionary":3},"minecraft:mined":{"minecraft:hay_block":20,"minecraft:wheat":1,"minecraft:yellow_bed":2,"minecraft:crafting_table":2,"minecraft:coal_ore":18,"minecraft:oak_log":12,"minecraft:tall_grass":1,"minecraft:stone":33},"minecraft:dropped":{"minecraft:iron_ingot":2,"alexsmobs:animal_dictionary":1},"minecraft:picked_up":{"minecraft:crafting_table":2,"minecraft:feather":1,"minecraft:brown_wool":1,"minecraft:oak_log":12,"minecraft:yellow_bed":2,"minecraft:dirt":1,"minecraft:hay_block":20,"minecraft:iron_ingot":5,"minecraft:gray_wool":1,"minecraft:poppy":2,"minecraft:black_wool":1,"minecraft:mutton":9,"minecraft:coal":18,"minecraft:white_wool":2,"minecraft:cobblestone":49},"minecraft:broken":{"minecraft:wooden_axe":1},"minecraft:crafted":{"minecraft:oak_planks":48,"minecraft:crafting_table":1,"minecraft:stick":12,"minecraft:wooden_pickaxe":1,"minecraft:stone_pickaxe":1,"minecraft:wooden_axe":2,"minecraft:stone_axe":1},"minecraft:killed":{"minecraft:sheep":5,"alexsmobs:raccoon":1,"alexsmobs:crow":2}},"DataVersion":2586}