{"stats":{"minecraft:killed_by":{"minecraft:player":2,"minecraft:creeper":1,"minecraft:skeleton":1,"minecraft:zombie":1,"mowziesmobs:barakoan_barakoana":1},"minecraft:broken":{"minecraft:leather_helmet":1,"minecraft:iron_boots":1,"minecraft:stone_axe":1,"minecraft:iron_pickaxe":1,"minecraft:iron_helmet":1,"minecraft:wooden_axe":1},"minecraft:mined":{"minecraft:nether_gold_ore":12,"farmersdelight:wild_carrots":3,"minecraft:grass_block":17,"farmersdelight:tomatoes":3,"minecraft:hay_block":20,"minecraft:redstone_ore":4,"minecraft:furnace":12,"minecraft:carrots":32,"minecraft:iron_ore":84,"minecraft:fire":1,"dead_guys_untitled_deep_dark_:cold_deep_stone":1,"minecraft:andesite":6,"minecraft:potatoes":3,"minecraft:stone":170,"minecraft:bone_block":38,"dead_guys_untitled_deep_dark_:cold_sculk":1,"minecraft:crafting_table":7,"minecraft:torch":1,"minecraft:poppy":1,"minecraft:nether_quartz_ore":6,"minecraft:tall_grass":4,"minecraft:lapis_ore":5,"minecraft:wheat":2,"minecraft:yellow_bed":2,"minecraft:grass":45,"minecraft:oak_log":63,"minecraft:coal_ore":207,"minecraft:gravel":6,"minecraft:dirt":3,"dead_guys_untitled_deep_dark_:cold_sculk_prairie":1,"minecraft:netherrack":18,"minecraft:gold_ore":12},"minecraft:picked_up":{"minecraft:crafting_table":7,"minecraft:wheat":1,"alexsmobs:gazelle_horn":1,"minecraft:string":3,"minecraft:gold_nugget":48,"minecraft:poppy":3,"minecraft:birch_sapling":1,"minecraft:furnace":12,"minecraft:stick":6,"dead_guys_untitled_deep_dark_:cold_deep_stone":1,"minecraft:torch":8,"farmersdelight:tomato_seeds":3,"minecraft:carrot":102,"minecraft:redstone":16,"minecraft:arrow":12,"minecraft:rotten_flesh":15,"minecraft:hay_block":20,"minecraft:mutton":14,"minecraft:cobblestone":189,"minecraft:bone_block":38,"exoticbirds:raw_birdmeat":19,"minecraft:white_wool":2,"minecraft:feather":7,"minecraft:water_bucket":1,"minecraft:andesite":6,"minecraft:brown_wool":1,"minecraft:potato":5,"minecraft:flint":2,"minecraft:oak_log":63,"minecraft:yellow_bed":3,"minecraft:gunpowder":4,"minecraft:dirt":32,"minecraft:lapis_lazuli":23,"farmersdelight:tomato":4,"mowziesmobs:barakoa_mask_rage":1,"minecraft:bone":6,"minecraft:apple":3,"minecraft:wheat_seeds":3,"minecraft:iron_ingot":14,"minecraft:iron_ore":105,"minecraft:oak_planks":7,"minecraft:quartz":3,"minecraft:gravel":5,"minecraft:sand":1,"dead_guys_untitled_deep_dark_:cold_sculk_prairie":1,"minecraft:gold_ore":12,"alexsmobs:rattlesnake_rattle":1,"minecraft:granite":1,"minecraft:gray_wool":1,"minecraft:bread":10,"minecraft:netherrack":17,"minecraft:black_wool":1,"minecraft:coal":381},"minecraft:crafted":{"minecraft:oak_planks":98,"minecraft:stone_shovel":1,"minecraft:cooked_chicken":3,"minecraft:furnace":4,"minecraft:bone_meal":342,"minecraft:flint_and_steel":1,"minecraft:iron_boots":1,"minecraft:stone_pickaxe":1,"minecraft:chest":2,"minecraft:stone_hoe":2,"minecraft:wheat":180,"minecraft:crafting_table":2,"minecraft:wooden_pickaxe":1,"minecraft:iron_helmet":1,"minecraft:iron_sword":1,"minecraft:bucket":1,"minecraft:stone_axe":1,"minecraft:bread":60,"minecraft:air":0,"minecraft:iron_chestplate":1,"minecraft:shield":1,"minecraft:stick":84,"minecraft:iron_ingot":50,"minecraft:iron_pickaxe":2,"minecraft:wooden_axe":2,"exoticbirds:cooked_birdmeat":22,"minecraft:iron_leggings":1,"minecraft:torch":212},"minecraft:killed":{"mowziesmobs:barakoan_barakoana":2,"alexsmobs:raccoon":1,"minecraft:spider":3,"alexsmobs:rattlesnake":2,"minecraft:skeleton":7,"minecraft:husk":6,"alexsmobs:guster":1,"minecraft:zombie_villager":1,"alexsmobs:seal":1,"exoticbirds:ostrich":4,"alexsmobs:crimson_mosquito":2,"alexsmobs:emu":1,"minecraft:sheep":5,"minecraft:zombie":3,"alexsmobs:gazelle":2,"alexsmobs:crow":2,"minecraft:enderman":1},"minecraft:used":{"minecraft:flint_and_steel":1,"minecraft:stone_shovel":13,"minecraft:chest":2,"minecraft:shield":12,"minecraft:iron_sword":209,"minecraft:stone_hoe":33,"minecraft:cooked_chicken":3,"minecraft:netherrack":17,"minecraft:torch":52,"minecraft:dirt":10,"minecraft:mutton":4,"minecraft:wooden_axe":63,"farmersdelight:tomato":4,"minecraft:furnace":11,"minecraft:potato":13,"farmersdelight:tomato_seeds":4,"minecraft:wheat_seeds":3,"minecraft:water_bucket":24,"minecraft:iron_ore":4,"minecraft:stone_pickaxe":84,"minecraft:oak_planks":18,"minecraft:wooden_pickaxe":17,"farmersdelight:onion":2,"minecraft:crafting_table":7,"minecraft:bread":18,"minecraft:iron_pickaxe":486,"minecraft:gravel":3,"minecraft:stone_axe":86,"exoticbirds:cooked_birdmeat":22,"minecraft:cobblestone":61,"minecraft:bucket":24,"minecraft:andesite":1,"minecraft:yellow_bed":3,"alexsmobs:animal_dictionary":3,"minecraft:bone_meal":241},"minecraft:custom":{"minecraft:mob_kills":44,"minecraft:interact_with_crafting_table":37,"minecraft:time_since_death":958,"minecraft:climb_one_cm":1903,"minecraft:sprint_one_cm":301064,"minecraft:walk_one_cm":257230,"minecraft:drop":10,"minecraft:talked_to_villager":2,"minecraft:deaths":6,"minecraft:sneak_time":715,"minecraft:walk_under_water_one_cm":10837,"minecraft:jump":1588,"minecraft:walk_on_water_one_cm":40603,"minecraft:interact_with_furnace":68,"minecraft:play_one_minute":111275,"minecraft:sleep_in_bed":3,"minecraft:time_since_rest":1002,"minecraft:damage_taken":3385,"minecraft:damage_dealt":8810,"minecraft:player_kills":2,"minecraft:swim_one_cm":22363,"minecraft:fly_one_cm":331323,"minecraft:open_chest":53,"minecraft:crouch_one_cm":1241,"minecraft:fall_one_cm":36076},"minecraft:dropped":{"minecraft:stone_hoe":1,"minecraft:iron_ingot":7,"minecraft:bread":15,"minecraft:wheat_seeds":1,"minecraft:torch":64,"alexsmobs:animal_dictionary":1,"minecraft:leather_leggings":1,"dead_guys_untitled_deep_dark_:cold_sculk_prairie":1}},"DataVersion":2586}