{"stats":{"minecraft:custom":{"minecraft:mob_kills":63,"minecraft:interact_with_crafting_table":45,"minecraft:leave_game":3,"minecraft:time_since_death":1324,"minecraft:climb_one_cm":1903,"minecraft:sprint_one_cm":430373,"minecraft:walk_one_cm":368265,"minecraft:drop":21,"minecraft:talked_to_villager":2,"minecraft:deaths":11,"minecraft:sneak_time":1652,"minecraft:walk_under_water_one_cm":21935,"minecraft:boat_one_cm":76350,"minecraft:jump":2807,"minecraft:walk_on_water_one_cm":64507,"minecraft:interact_with_furnace":99,"minecraft:play_one_minute":175454,"minecraft:sleep_in_bed":4,"minecraft:time_since_rest":1367,"minecraft:damage_taken":5800,"minecraft:damage_dealt":14291,"minecraft:player_kills":5,"minecraft:swim_one_cm":49193,"minecraft:fly_one_cm":661733,"minecraft:open_chest":82,"minecraft:crouch_one_cm":3650,"minecraft:fall_one_cm":62216},"minecraft:broken":{"minecraft:leather_helmet":1,"minecraft:iron_boots":1,"minecraft:iron_leggings":1,"mowziesmobs:barakoa_mask_rage":1,"minecraft:stone_axe":1,"minecraft:iron_pickaxe":3,"minecraft:iron_helmet":1,"minecraft:wooden_axe":1},"minecraft:picked_up":{"minecraft:crafting_table":9,"minecraft:iron_chestplate":1,"minecraft:wheat":1,"dead_guys_untitled_deep_dark_:dahlia_petal":1,"alexsmobs:gazelle_horn":1,"minecraft:string":5,"minecraft:gold_nugget":48,"minecraft:oak_boat":2,"minecraft:poppy":4,"minecraft:birch_sapling":1,"minecraft:furnace":20,"minecraft:stick":6,"minecraft:sandstone":9,"dead_guys_untitled_deep_dark_:cold_deep_stone":1,"minecraft:torch":8,"farmersdelight:tomato_seeds":3,"minecraft:diorite":1,"minecraft:carrot":134,"minecraft:redstone":22,"minecraft:arrow":14,"minecraft:rotten_flesh":24,"minecraft:hay_block":20,"minecraft:mutton":14,"minecraft:bone_block":38,"exoticbirds:raw_birdmeat":23,"minecraft:white_wool":2,"minecraft:cobblestone":246,"minecraft:feather":13,"minecraft:water_bucket":1,"minecraft:andesite":9,"minecraft:brown_wool":1,"minecraft:potato":5,"minecraft:flint":2,"minecraft:oak_log":63,"minecraft:yellow_bed":3,"minecraft:gunpowder":4,"minecraft:lapis_lazuli":32,"farmersdelight:tomato":4,"minecraft:dirt":68,"minecraft:white_banner":1,"mowziesmobs:barakoa_mask_rage":1,"minecraft:bone":17,"minecraft:apple":3,"minecraft:bow":1,"minecraft:wheat_seeds":3,"minecraft:iron_ingot":30,"minecraft:iron_ore":208,"minecraft:oak_planks":7,"minecraft:quartz":3,"minecraft:gravel":11,"minecraft:sand":33,"dead_guys_untitled_deep_dark_:cold_sculk_prairie":1,"minecraft:gold_ore":23,"minecraft:spider_eye":1,"cgm:pistol":2,"alexsmobs:guster_eye":1,"alexsmobs:rattlesnake_rattle":1,"minecraft:granite":2,"minecraft:gray_wool":1,"minecraft:bread":10,"minecraft:netherrack":19,"minecraft:black_wool":1,"minecraft:coal":614,"minecraft:ender_pearl":1},"minecraft:dropped":{"minecraft:stone_hoe":1,"minecraft:water_bucket":1,"minecraft:bread":15,"minecraft:iron_ingot":7,"minecraft:iron_sword":1,"minecraft:wheat_seeds":1,"minecraft:feather":3,"minecraft:torch":64,"minecraft:bone":6,"minecraft:gravel":2,"cgm:pistol":1,"alexsmobs:animal_dictionary":1,"minecraft:rotten_flesh":1,"minecraft:poppy":1,"minecraft:iron_chestplate":1,"minecraft:leather_leggings":1,"minecraft:netherrack":1,"dead_guys_untitled_deep_dark_:cold_sculk_prairie":1},"minecraft:mined":{"minecraft:nether_gold_ore":12,"farmersdelight:wild_carrots":3,"minecraft:grass_block":17,"farmersdelight:tomatoes":3,"minecraft:sandstone":10,"minecraft:hay_block":20,"minecraft:redstone_ore":5,"minecraft:furnace":20,"minecraft:carrots":32,"minecraft:iron_ore":142,"minecraft:fire":1,"dead_guys_untitled_deep_dark_:cold_deep_stone":1,"minecraft:andesite":7,"minecraft:potatoes":3,"minecraft:stone":230,"minecraft:bone_block":38,"dead_guys_untitled_deep_dark_:cold_sculk":1,"minecraft:crafting_table":9,"minecraft:torch":1,"minecraft:poppy":1,"minecraft:nether_quartz_ore":6,"minecraft:tall_grass":4,"minecraft:cobblestone":5,"minecraft:lapis_ore":7,"minecraft:wheat":2,"minecraft:yellow_bed":2,"minecraft:grass":47,"minecraft:oak_log":63,"minecraft:coal_ore":343,"minecraft:gravel":6,"minecraft:sand":26,"minecraft:dirt":14,"dead_guys_untitled_deep_dark_:cold_sculk_prairie":1,"minecraft:netherrack":19,"minecraft:gold_ore":20},"minecraft:crafted":{"minecraft:oak_planks":122,"minecraft:stone_shovel":1,"minecraft:cooked_chicken":3,"minecraft:furnace":6,"minecraft:bone_meal":342,"minecraft:flint_and_steel":1,"minecraft:iron_boots":1,"minecraft:stone_pickaxe":1,"minecraft:chest":2,"minecraft:stone_hoe":2,"minecraft:wheat":180,"minecraft:crafting_table":4,"minecraft:iron_helmet":1,"minecraft:wooden_pickaxe":1,"minecraft:iron_sword":1,"minecraft:bucket":1,"minecraft:stone_axe":1,"minecraft:bread":60,"minecraft:air":0,"minecraft:oak_boat":1,"minecraft:iron_chestplate":2,"minecraft:shield":2,"minecraft:stick":124,"minecraft:iron_ingot":77,"minecraft:iron_pickaxe":4,"minecraft:wooden_axe":2,"minecraft:iron_leggings":2,"exoticbirds:cooked_birdmeat":22,"minecraft:gold_ingot":4,"minecraft:torch":348},"minecraft:used":{"minecraft:flint_and_steel":1,"minecraft:stone_shovel":41,"minecraft:chest":3,"minecraft:shield":18,"minecraft:iron_sword":340,"minecraft:cooked_chicken":3,"minecraft:stone_hoe":33,"minecraft:rotten_flesh":3,"minecraft:netherrack":18,"minecraft:torch":67,"minecraft:dirt":41,"minecraft:mutton":4,"minecraft:carrot":46,"minecraft:granite":1,"minecraft:wooden_axe":64,"farmersdelight:tomato":4,"minecraft:furnace":17,"minecraft:potato":13,"farmersdelight:tomato_seeds":4,"minecraft:wheat_seeds":3,"minecraft:water_bucket":35,"minecraft:diorite":1,"minecraft:iron_ore":4,"minecraft:stone_pickaxe":84,"minecraft:oak_planks":18,"minecraft:wooden_pickaxe":17,"minecraft:sandstone":9,"farmersdelight:onion":2,"minecraft:sand":26,"minecraft:crafting_table":10,"minecraft:bread":18,"minecraft:iron_pickaxe":777,"minecraft:gravel":5,"minecraft:stone_axe":86,"exoticbirds:cooked_birdmeat":22,"minecraft:cobblestone":114,"minecraft:andesite":3,"minecraft:bucket":36,"minecraft:yellow_bed":3,"minecraft:oak_boat":3,"alexsmobs:animal_dictionary":3,"minecraft:bone_meal":241},"minecraft:killed_by":{"minecraft:player":4,"minecraft:creeper":2,"minecraft:skeleton":1,"minecraft:zombie":1,"alexsmobs:moose":1,"mowziesmobs:barakoan_barakoana":1},"minecraft:killed":{"mowziesmobs:barakoan_barakoana":2,"alexsmobs:raccoon":1,"minecraft:spider":4,"alexsmobs:rattlesnake":2,"minecraft:skeleton":9,"minecraft:drowned":1,"minecraft:husk":6,"alexsmobs:guster":5,"minecraft:zombie_villager":1,"alexsmobs:seal":1,"exoticbirds:ostrich":4,"alexsmobs:crimson_mosquito":2,"alexsmobs:emu":1,"exoticbirds:penguin":1,"minecraft:sheep":5,"minecraft:pillager":2,"minecraft:zombie":7,"alexsmobs:gazelle":2,"alexsmobs:moose":2,"alexsmobs:crow":2,"minecraft:enderman":3}},"DataVersion":2586}