{"stats":{"minecraft:custom":{"minecraft:interact_with_furnace":9,"minecraft:mob_kills":10,"minecraft:interact_with_crafting_table":14,"minecraft:play_one_minute":62507,"minecraft:leave_game":2,"minecraft:time_since_death":8951,"minecraft:climb_one_cm":1320,"minecraft:time_since_rest":9018,"minecraft:sprint_one_cm":408,"minecraft:damage_taken":2151,"minecraft:walk_one_cm":349916,"minecraft:drop":10,"minecraft:damage_dealt":1821,"minecraft:fly_one_cm":5687,"minecraft:open_chest":2,"minecraft:deaths":6,"minecraft:walk_under_water_one_cm":16036,"minecraft:jump":592,"minecraft:walk_on_water_one_cm":18258,"minecraft:fall_one_cm":15025},"minecraft:broken":{"minecraft:stone_sword":1,"minecraft:stone_pickaxe":2},"minecraft:picked_up":{"minecraft:wooden_axe":1,"minecraft:stripped_oak_log":1,"minecraft:birch_log":6,"minecraft:crafting_table":1,"minecraft:wheat":1,"minecraft:cooked_beef":2,"minecraft:andesite":19,"minecraft:oak_stairs":5,"minecraft:oak_log":12,"minecraft:shield":1,"minecraft:wooden_hoe":1,"alexsmobs:gazelle_horn":1,"minecraft:dirt":8,"minecraft:string":18,"minecraft:iron_axe":1,"minecraft:iron_leggings":1,"minecraft:cooked_mutton":3,"minecraft:wheat_seeds":12,"minecraft:cobweb":9,"minecraft:iron_ingot":3,"minecraft:stone_pickaxe":2,"minecraft:iron_ore":7,"minecraft:stone_hoe":1,"minecraft:oak_planks":21,"minecraft:furnace":1,"minecraft:stick":1,"minecraft:oak_door":1,"minecraft:dandelion":1,"minecraft:gravel":1,"minecraft:diorite":2,"minecraft:dark_oak_log":83,"minecraft:spider_eye":9,"minecraft:stone_sword":1,"minecraft:rotten_flesh":7,"minecraft:gold_ingot":3,"alexsmobs:maggot":2,"minecraft:oak_sapling":1,"minecraft:mutton":1,"minecraft:coal":24,"minecraft:white_wool":1,"minecraft:rail":1,"minecraft:cobblestone":90},"minecraft:mined":{"minecraft:kelp_plant":10,"minecraft:dark_oak_leaves":4,"minecraft:oak_door":1,"minecraft:dark_oak_log":83,"minecraft:dandelion":1,"minecraft:crafting_table":1,"minecraft:grass_block":1,"minecraft:oak_planks":20,"minecraft:diorite":2,"minecraft:birch_planks":1,"minecraft:birch_log":3,"minecraft:iron_ore":5,"minecraft:andesite":11,"minecraft:birch_leaves":1,"minecraft:grass":5,"minecraft:coal_ore":22,"minecraft:oak_log":10,"minecraft:oak_stairs":9,"minecraft:gravel":2,"minecraft:dirt":11,"minecraft:stripped_oak_log":1,"minecraft:cobweb":35,"dead_guys_untitled_deep_dark_:generate_dead_sculk_veins":1,"minecraft:stone":88,"minecraft:oak_leaves":1},"minecraft:dropped":{"minecraft:gravel":1,"minecraft:wheat_seeds":12,"minecraft:rotten_flesh":6,"minecraft:cobblestone":22,"minecraft:cobweb":9,"minecraft:diorite":2,"minecraft:andesite":8,"minecraft:oak_sapling":1,"minecraft:spider_eye":8},"minecraft:crafted":{"minecraft:oak_planks":48,"minecraft:crafting_table":1,"farmersdelight:iron_knife":1,"minecraft:iron_sword":1,"minecraft:birch_planks":24,"minecraft:stick":8,"minecraft:iron_ingot":6,"minecraft:iron_pickaxe":1,"minecraft:dark_oak_planks":320,"minecraft:shears":1},"minecraft:used":{"minecraft:cooked_mutton":3,"farmersdelight:iron_knife":22,"minecraft:stone_sword":59,"minecraft:birch_planks":1,"minecraft:stone_pickaxe":104,"minecraft:oak_planks":4,"minecraft:shield":1,"minecraft:iron_sword":34,"minecraft:rotten_flesh":1,"minecraft:crafting_table":2,"minecraft:spider_eye":1,"minecraft:shears":19,"minecraft:dark_oak_planks":11,"alexsmobs:maggot":2,"minecraft:iron_axe":149,"minecraft:iron_pickaxe":31,"minecraft:cobblestone":4,"minecraft:furnace":1,"minecraft:andesite":7,"alexsmobs:animal_dictionary":2,"minecraft:cooked_beef":2},"minecraft:killed_by":{"minecraft:player":1,"minecraft:cave_spider":1,"minecraft:zombie":3},"minecraft:killed":{"minecraft:cave_spider":7,"minecraft:sheep":1,"minecraft:zombie":1}},"DataVersion":2586}