{"stats":{"minecraft:custom":{"minecraft:interact_with_furnace":9,"minecraft:mob_kills":17,"minecraft:interact_with_crafting_table":21,"minecraft:play_one_minute":98507,"minecraft:leave_game":2,"minecraft:time_since_death":6053,"minecraft:climb_one_cm":1320,"minecraft:time_since_rest":6096,"minecraft:sprint_one_cm":2536,"minecraft:damage_taken":3882,"minecraft:walk_one_cm":564832,"minecraft:drop":13,"minecraft:damage_dealt":3122,"minecraft:fly_one_cm":11450,"minecraft:open_chest":4,"minecraft:deaths":12,"minecraft:walk_under_water_one_cm":16036,"minecraft:jump":898,"minecraft:walk_on_water_one_cm":20623,"minecraft:fall_one_cm":20474},"minecraft:broken":{"minecraft:stone_sword":1,"minecraft:iron_leggings":1,"minecraft:stone_pickaxe":2},"minecraft:picked_up":{"minecraft:wooden_axe":1,"minecraft:stripped_oak_log":1,"minecraft:birch_log":6,"minecraft:crafting_table":2,"minecraft:wheat":1,"minecraft:cooked_beef":2,"minecraft:birch_slab":2,"minecraft:andesite":19,"minecraft:oak_stairs":5,"minecraft:oak_log":28,"minecraft:shield":1,"minecraft:wooden_hoe":1,"alexsmobs:gazelle_horn":1,"minecraft:dirt":70,"minecraft:string":23,"minecraft:iron_axe":1,"minecraft:iron_leggings":1,"minecraft:cooked_mutton":3,"minecraft:bone":2,"minecraft:wheat_seeds":12,"minecraft:dark_oak_leaves":162,"minecraft:cobweb":9,"minecraft:iron_ingot":3,"minecraft:stone_pickaxe":2,"minecraft:iron_ore":7,"minecraft:chest":1,"minecraft:stone_hoe":1,"minecraft:oak_planks":24,"minecraft:furnace":1,"minecraft:dark_oak_sapling":2,"minecraft:stick":7,"minecraft:oak_door":2,"minecraft:dandelion":1,"minecraft:gravel":1,"minecraft:diorite":2,"minecraft:carrot":1,"minecraft:dark_oak_log":124,"minecraft:spider_eye":9,"minecraft:dark_oak_planks":12,"minecraft:stone_sword":1,"minecraft:rotten_flesh":17,"minecraft:gold_ingot":3,"alexsmobs:maggot":2,"minecraft:oak_sapling":5,"minecraft:mutton":1,"minecraft:coal":24,"minecraft:white_wool":1,"minecraft:rail":1,"minecraft:cobblestone":93},"minecraft:mined":{"minecraft:kelp_plant":10,"minecraft:dark_oak_leaves":212,"minecraft:oak_door":1,"minecraft:dark_oak_log":124,"minecraft:dandelion":1,"minecraft:crafting_table":1,"minecraft:grass_block":45,"minecraft:brown_mushroom_block":9,"minecraft:tall_grass":2,"minecraft:birch_slab":3,"minecraft:oak_planks":23,"minecraft:diorite":2,"minecraft:wall_torch":2,"minecraft:birch_planks":1,"minecraft:birch_log":3,"minecraft:iron_ore":5,"minecraft:andesite":11,"minecraft:birch_leaves":1,"minecraft:grass":14,"minecraft:coal_ore":22,"minecraft:oak_log":22,"minecraft:oak_stairs":9,"minecraft:gravel":2,"minecraft:dirt":19,"minecraft:stripped_oak_log":1,"minecraft:cobweb":35,"dead_guys_untitled_deep_dark_:generate_dead_sculk_veins":1,"minecraft:stone":88,"minecraft:oak_leaves":22,"minecraft:dark_oak_planks":7},"minecraft:dropped":{"minecraft:gravel":1,"minecraft:wheat_seeds":12,"alexsmobs:gazelle_horn":1,"minecraft:rotten_flesh":8,"minecraft:cobblestone":22,"minecraft:cobweb":9,"minecraft:diorite":2,"minecraft:andesite":8,"minecraft:oak_sapling":2,"minecraft:spider_eye":8},"minecraft:crafted":{"minecraft:oak_slab":30,"minecraft:oak_planks":104,"minecraft:crafting_table":1,"farmersdelight:iron_knife":1,"minecraft:birch_slab":42,"minecraft:iron_sword":1,"minecraft:birch_pressure_plate":1,"minecraft:birch_planks":24,"minecraft:stick":8,"minecraft:iron_ingot":6,"minecraft:iron_pickaxe":1,"minecraft:dark_oak_planks":320,"minecraft:shears":1},"minecraft:used":{"minecraft:cooked_mutton":3,"farmersdelight:iron_knife":22,"minecraft:stone_sword":59,"minecraft:birch_planks":1,"minecraft:stone_pickaxe":104,"minecraft:oak_planks":76,"minecraft:chest":1,"minecraft:shield":1,"minecraft:iron_sword":108,"minecraft:rotten_flesh":1,"minecraft:oak_door":2,"minecraft:dirt":18,"minecraft:birch_pressure_plate":1,"minecraft:oak_slab":28,"minecraft:crafting_table":3,"minecraft:spider_eye":1,"minecraft:shears":215,"minecraft:oak_log":2,"minecraft:dark_oak_planks":132,"alexsmobs:maggot":2,"minecraft:birch_slab":44,"minecraft:iron_axe":221,"minecraft:iron_pickaxe":34,"minecraft:dark_oak_leaves":27,"minecraft:cobblestone":4,"minecraft:furnace":1,"minecraft:andesite":7,"alexsmobs:animal_dictionary":2,"minecraft:cooked_beef":2},"minecraft:killed_by":{"minecraft:player":3,"minecraft:cave_spider":1,"minecraft:skeleton":2,"minecraft:creeper":1,"minecraft:zombie":4},"minecraft:killed":{"minecraft:cave_spider":7,"minecraft:zombie_villager":1,"minecraft:sheep":1,"minecraft:skeleton":3,"minecraft:zombie":6}},"DataVersion":2586}