{"stats":{"minecraft:custom":{"minecraft:interact_with_furnace":10,"minecraft:mob_kills":24,"minecraft:interact_with_crafting_table":27,"minecraft:play_one_minute":122507,"minecraft:leave_game":2,"minecraft:time_since_death":1811,"minecraft:climb_one_cm":1320,"minecraft:time_since_rest":1846,"minecraft:sprint_one_cm":4365,"minecraft:damage_taken":4817,"minecraft:walk_one_cm":725394,"minecraft:drop":15,"minecraft:damage_dealt":4312,"minecraft:fly_one_cm":13660,"minecraft:open_chest":7,"minecraft:deaths":15,"minecraft:walk_under_water_one_cm":16036,"minecraft:jump":1025,"minecraft:walk_on_water_one_cm":23264,"minecraft:fall_one_cm":21089},"minecraft:broken":{"minecraft:iron_axe":1,"minecraft:stone_sword":1,"minecraft:shears":1,"minecraft:iron_leggings":1,"minecraft:stone_pickaxe":2},"minecraft:picked_up":{"minecraft:wooden_axe":1,"minecraft:stripped_oak_log":2,"minecraft:birch_log":6,"minecraft:crafting_table":2,"minecraft:wheat":2,"minecraft:cooked_beef":2,"minecraft:birch_slab":6,"minecraft:andesite":23,"minecraft:red_mushroom":4,"minecraft:oak_stairs":5,"minecraft:oak_log":28,"minecraft:shield":1,"minecraft:wooden_hoe":1,"alexsmobs:gazelle_horn":1,"minecraft:dirt":117,"minecraft:string":53,"minecraft:iron_axe":1,"minecraft:iron_leggings":1,"minecraft:cooked_mutton":3,"minecraft:bone":4,"minecraft:wheat_seeds":12,"minecraft:dark_oak_leaves":350,"minecraft:cobweb":9,"minecraft:iron_ingot":3,"minecraft:stone_pickaxe":2,"minecraft:iron_ore":7,"minecraft:chest":1,"minecraft:stone_hoe":1,"minecraft:oak_planks":25,"minecraft:dark_oak_slab":1,"minecraft:furnace":1,"minecraft:oak_slab":1,"minecraft:dark_oak_sapling":6,"minecraft:stick":7,"minecraft:oak_door":2,"minecraft:torch":2,"minecraft:dandelion":2,"minecraft:gravel":1,"minecraft:diorite":2,"minecraft:carrot":1,"minecraft:dark_oak_log":149,"minecraft:spider_eye":9,"minecraft:dark_oak_planks":63,"minecraft:stone_sword":1,"minecraft:arrow":2,"minecraft:rotten_flesh":31,"minecraft:gold_ingot":3,"alexsmobs:maggot":2,"minecraft:oak_sapling":8,"minecraft:oak_leaves":17,"minecraft:mutton":2,"minecraft:coal":24,"minecraft:white_wool":1,"minecraft:rail":1,"minecraft:cobblestone":93},"minecraft:mined":{"minecraft:oak_slab":1,"minecraft:kelp_plant":10,"minecraft:dark_oak_leaves":312,"minecraft:oak_door":1,"minecraft:dark_oak_log":149,"minecraft:dandelion":1,"minecraft:crafting_table":1,"minecraft:grass_block":77,"minecraft:chest":1,"minecraft:mushroom_stem":5,"minecraft:brown_mushroom_block":14,"minecraft:tall_grass":2,"minecraft:birch_slab":6,"minecraft:oak_planks":24,"minecraft:diorite":2,"minecraft:wall_torch":2,"minecraft:birch_planks":1,"minecraft:dark_oak_slab":1,"minecraft:birch_log":3,"minecraft:iron_ore":5,"minecraft:andesite":11,"minecraft:birch_leaves":1,"minecraft:grass_path":1,"minecraft:grass":16,"minecraft:coal_ore":22,"minecraft:oak_log":22,"minecraft:oak_stairs":9,"minecraft:gravel":2,"minecraft:dirt":32,"minecraft:stripped_oak_log":1,"minecraft:cobweb":35,"minecraft:red_mushroom_block":9,"dead_guys_untitled_deep_dark_:generate_dead_sculk_veins":1,"minecraft:stone":88,"minecraft:oak_leaves":46,"minecraft:dark_oak_planks":7},"minecraft:dropped":{"minecraft:gravel":1,"minecraft:wheat_seeds":12,"alexsmobs:gazelle_horn":1,"minecraft:rotten_flesh":8,"minecraft:cobblestone":22,"minecraft:cobweb":9,"minecraft:diorite":2,"minecraft:andesite":8,"minecraft:oak_sapling":2,"minecraft:spider_eye":8,"minecraft:string":2},"minecraft:crafted":{"minecraft:oak_slab":30,"minecraft:oak_planks":104,"minecraft:crafting_table":1,"farmersdelight:iron_knife":1,"minecraft:birch_slab":42,"minecraft:iron_sword":1,"minecraft:birch_pressure_plate":1,"minecraft:birch_planks":24,"minecraft:stick":8,"minecraft:iron_ingot":12,"minecraft:iron_pickaxe":1,"minecraft:chest":1,"minecraft:iron_shovel":1,"minecraft:dark_oak_planks":320,"minecraft:shears":2},"minecraft:used":{"minecraft:cooked_mutton":3,"farmersdelight:iron_knife":22,"minecraft:stone_sword":59,"minecraft:iron_shovel":40,"minecraft:birch_planks":1,"minecraft:stone_pickaxe":104,"minecraft:oak_planks":78,"minecraft:chest":2,"minecraft:shield":1,"minecraft:iron_sword":173,"minecraft:rotten_flesh":1,"minecraft:oak_door":2,"minecraft:dirt":77,"minecraft:birch_pressure_plate":1,"minecraft:oak_slab":31,"minecraft:crafting_table":3,"minecraft:carrot":1,"minecraft:spider_eye":1,"minecraft:shears":315,"minecraft:wooden_axe":10,"minecraft:oak_log":2,"minecraft:dark_oak_planks":132,"alexsmobs:maggot":2,"minecraft:birch_slab":47,"minecraft:iron_axe":257,"minecraft:iron_pickaxe":34,"minecraft:dark_oak_leaves":155,"minecraft:cobblestone":4,"minecraft:furnace":1,"minecraft:andesite":7,"alexsmobs:animal_dictionary":2,"minecraft:cooked_beef":2},"minecraft:killed_by":{"minecraft:player":4,"minecraft:cave_spider":1,"minecraft:skeleton":3,"minecraft:creeper":2,"minecraft:zombie":4},"minecraft:killed":{"minecraft:cave_spider":7,"minecraft:zombie_villager":1,"minecraft:spider":1,"minecraft:sheep":1,"minecraft:skeleton":4,"minecraft:zombie":12}},"DataVersion":2586}