{"stats":{"minecraft:custom":{"minecraft:interact_with_furnace":9,"minecraft:mob_kills":5,"minecraft:interact_with_crafting_table":13,"minecraft:play_one_minute":50507,"minecraft:leave_game":2,"minecraft:time_since_death":9144,"minecraft:climb_one_cm":1320,"minecraft:time_since_rest":9174,"minecraft:sprint_one_cm":391,"minecraft:damage_taken":1708,"minecraft:walk_one_cm":274954,"minecraft:drop":1,"minecraft:damage_dealt":1234,"minecraft:fly_one_cm":5294,"minecraft:open_chest":1,"minecraft:deaths":4,"minecraft:walk_under_water_one_cm":7888,"minecraft:jump":540,"minecraft:walk_on_water_one_cm":14825,"minecraft:fall_one_cm":12145},"minecraft:broken":{"minecraft:stone_pickaxe":2},"minecraft:picked_up":{"minecraft:wooden_axe":1,"minecraft:stripped_oak_log":1,"minecraft:birch_log":6,"minecraft:wheat":1,"minecraft:cooked_beef":2,"minecraft:andesite":11,"minecraft:oak_stairs":5,"minecraft:oak_log":12,"minecraft:shield":1,"minecraft:wooden_hoe":1,"alexsmobs:gazelle_horn":1,"minecraft:dirt":7,"minecraft:string":11,"minecraft:iron_axe":1,"minecraft:iron_leggings":1,"minecraft:cooked_mutton":3,"minecraft:wheat_seeds":12,"minecraft:cobweb":7,"minecraft:iron_ingot":3,"minecraft:stone_pickaxe":2,"minecraft:iron_ore":7,"minecraft:stone_hoe":1,"minecraft:oak_planks":19,"minecraft:furnace":1,"minecraft:stick":1,"minecraft:oak_door":1,"minecraft:dandelion":1,"minecraft:gravel":1,"minecraft:diorite":2,"minecraft:spider_eye":7,"minecraft:stone_sword":1,"minecraft:rotten_flesh":7,"minecraft:gold_ingot":3,"alexsmobs:maggot":2,"minecraft:oak_sapling":1,"minecraft:coal":24,"minecraft:rail":1,"minecraft:cobblestone":90},"minecraft:dropped":{"minecraft:cobblestone":22},"minecraft:mined":{"minecraft:oak_door":1,"minecraft:dandelion":1,"minecraft:oak_planks":18,"minecraft:diorite":2,"minecraft:birch_planks":1,"minecraft:birch_log":3,"minecraft:iron_ore":5,"minecraft:andesite":11,"minecraft:birch_leaves":1,"minecraft:grass":5,"minecraft:coal_ore":22,"minecraft:oak_log":10,"minecraft:oak_stairs":9,"minecraft:gravel":2,"minecraft:dirt":11,"minecraft:stripped_oak_log":1,"minecraft:cobweb":32,"dead_guys_untitled_deep_dark_:generate_dead_sculk_veins":1,"minecraft:stone":88,"minecraft:oak_leaves":1},"minecraft:crafted":{"minecraft:oak_planks":48,"minecraft:crafting_table":1,"farmersdelight:iron_knife":1,"minecraft:iron_sword":1,"minecraft:birch_planks":24,"minecraft:stick":8,"minecraft:iron_ingot":6,"minecraft:iron_pickaxe":1,"minecraft:shears":1},"minecraft:used":{"minecraft:cooked_mutton":3,"farmersdelight:iron_knife":6,"minecraft:stone_sword":53,"minecraft:birch_planks":1,"minecraft:stone_pickaxe":104,"minecraft:oak_planks":4,"minecraft:shield":1,"minecraft:iron_sword":26,"minecraft:rotten_flesh":1,"minecraft:crafting_table":1,"minecraft:spider_eye":1,"minecraft:shears":17,"alexsmobs:maggot":2,"minecraft:iron_axe":51,"minecraft:iron_pickaxe":31,"minecraft:cobblestone":4,"minecraft:furnace":1,"minecraft:andesite":7,"alexsmobs:animal_dictionary":2,"minecraft:cooked_beef":2},"minecraft:killed_by":{"minecraft:player":1,"minecraft:zombie":3},"minecraft:killed":{"minecraft:cave_spider":3,"minecraft:zombie":1}},"DataVersion":2586}