{"stats":{"minecraft:killed":{"minecraft:cave_spider":7,"minecraft:spider":1,"minecraft:skeleton":5,"minecraft:zombie_villager":1,"minecraft:sheep":1,"minecraft:zombie":12},"minecraft:dropped":{"minecraft:wheat_seeds":12,"minecraft:cobblestone":22,"minecraft:cobweb":9,"minecraft:diorite":2,"minecraft:string":2,"minecraft:gravel":1,"alexsmobs:gazelle_horn":1,"minecraft:rotten_flesh":8,"minecraft:andesite":8,"minecraft:oak_sapling":2,"minecraft:spider_eye":8},"minecraft:crafted":{"minecraft:oak_planks":104,"minecraft:birch_slab":42,"minecraft:chest":1,"minecraft:dark_oak_planks":320,"minecraft:oak_slab":30,"minecraft:crafting_table":1,"farmersdelight:iron_knife":1,"minecraft:iron_sword":1,"minecraft:birch_pressure_plate":1,"minecraft:birch_planks":24,"minecraft:stick":8,"minecraft:iron_ingot":12,"minecraft:iron_pickaxe":1,"minecraft:iron_shovel":1,"minecraft:shears":2},"minecraft:mined":{"minecraft:dark_oak_planks":7,"minecraft:dark_oak_leaves":392,"minecraft:oak_door":1,"minecraft:dark_oak_log":150,"minecraft:grass_block":77,"minecraft:brown_mushroom_block":14,"minecraft:birch_slab":6,"minecraft:iron_ore":17,"minecraft:andesite":11,"minecraft:oak_stairs":9,"minecraft:stripped_oak_log":1,"dead_guys_untitled_deep_dark_:generate_dead_sculk_veins":1,"minecraft:stone":94,"minecraft:oak_slab":1,"minecraft:kelp_plant":10,"minecraft:dandelion":1,"minecraft:crafting_table":1,"minecraft:torch":1,"minecraft:chest":1,"minecraft:mushroom_stem":5,"minecraft:tall_grass":2,"minecraft:oak_planks":24,"minecraft:diorite":2,"minecraft:wall_torch":2,"minecraft:birch_planks":1,"minecraft:dark_oak_slab":1,"minecraft:birch_log":3,"minecraft:birch_leaves":1,"minecraft:grass_path":1,"minecraft:grass":17,"minecraft:oak_log":22,"minecraft:coal_ore":22,"minecraft:gravel":2,"minecraft:dirt":32,"minecraft:cobweb":35,"minecraft:red_mushroom_block":9,"minecraft:oak_leaves":118},"minecraft:used":{"minecraft:stone_sword":59,"minecraft:iron_shovel":40,"minecraft:chest":2,"minecraft:shield":1,"minecraft:iron_sword":185,"minecraft:rotten_flesh":1,"minecraft:oak_door":2,"minecraft:dirt":115,"minecraft:birch_pressure_plate":1,"minecraft:carrot":1,"minecraft:wooden_axe":10,"minecraft:dark_oak_planks":132,"alexsmobs:maggot":2,"minecraft:iron_axe":257,"minecraft:dark_oak_leaves":280,"minecraft:furnace":1,"minecraft:cooked_beef":2,"minecraft:cooked_mutton":3,"farmersdelight:iron_knife":22,"minecraft:birch_planks":1,"minecraft:stone_pickaxe":104,"minecraft:oak_planks":78,"minecraft:oak_leaves":76,"minecraft:oak_slab":31,"minecraft:crafting_table":3,"minecraft:spider_eye":1,"minecraft:shears":462,"minecraft:oak_log":2,"minecraft:birch_slab":47,"minecraft:bread":1,"minecraft:iron_pickaxe":53,"minecraft:cobblestone":4,"minecraft:andesite":7,"alexsmobs:animal_dictionary":2},"minecraft:killed_by":{"minecraft:player":5,"minecraft:creeper":2,"minecraft:cave_spider":1,"minecraft:skeleton":4,"minecraft:zombie":5},"minecraft:picked_up":{"minecraft:wooden_axe":2,"minecraft:crafting_table":2,"minecraft:wheat":2,"minecraft:oak_stairs":10,"minecraft:shield":1,"alexsmobs:gazelle_horn":1,"minecraft:string":56,"minecraft:iron_axe":1,"minecraft:iron_leggings":1,"minecraft:iron_shovel":1,"minecraft:dark_oak_leaves":417,"minecraft:written_book":1,"minecraft:iron_pickaxe":1,"minecraft:chest":1,"minecraft:furnace":1,"minecraft:dark_oak_sapling":6,"minecraft:stick":16,"minecraft:oak_door":2,"minecraft:torch":5,"minecraft:diorite":2,"minecraft:carrot":1,"minecraft:dark_oak_planks":183,"minecraft:stone_sword":1,"minecraft:arrow":4,"minecraft:rotten_flesh":44,"minecraft:gold_ingot":3,"minecraft:mutton":2,"minecraft:white_wool":1,"minecraft:rail":1,"minecraft:cobblestone":103,"minecraft:stripped_oak_log":2,"minecraft:birch_log":6,"minecraft:cooked_beef":3,"minecraft:birch_slab":7,"minecraft:andesite":23,"minecraft:red_mushroom":6,"minecraft:oak_log":28,"minecraft:wooden_hoe":2,"minecraft:dirt":135,"minecraft:cooked_mutton":3,"minecraft:bone":6,"minecraft:wheat_seeds":12,"minecraft:iron_ore":18,"minecraft:stone_pickaxe":2,"minecraft:iron_ingot":6,"minecraft:cobweb":9,"minecraft:oak_planks":53,"minecraft:stone_hoe":2,"minecraft:iron_sword":1,"minecraft:oak_slab":1,"minecraft:dark_oak_slab":2,"minecraft:dandelion":2,"minecraft:gravel":1,"minecraft:dark_oak_log":219,"minecraft:spider_eye":9,"minecraft:bread":19,"alexsmobs:maggot":2,"minecraft:oak_sapling":10,"minecraft:coal":24,"minecraft:oak_leaves":76},"minecraft:custom":{"minecraft:mob_kills":25,"minecraft:interact_with_crafting_table":27,"minecraft:leave_game":5,"minecraft:time_since_death":238,"minecraft:climb_one_cm":1320,"minecraft:sprint_one_cm":4365,"minecraft:walk_one_cm":860440,"minecraft:drop":15,"minecraft:deaths":20,"minecraft:walk_under_water_one_cm":16999,"minecraft:jump":1268,"minecraft:walk_on_water_one_cm":26828,"minecraft:interact_with_furnace":10,"minecraft:play_one_minute":153254,"minecraft:time_since_rest":746,"minecraft:damage_taken":9046,"minecraft:damage_dealt":4579,"minecraft:swim_one_cm":36022,"minecraft:fly_one_cm":16943,"minecraft:open_chest":8,"minecraft:fall_one_cm":29104},"minecraft:broken":{"minecraft:stone_sword":1,"minecraft:shears":2,"minecraft:iron_leggings":1,"minecraft:stone_pickaxe":2,"minecraft:iron_axe":1}},"DataVersion":2586}