{"stats":{"minecraft:custom":{"minecraft:time_since_rest":7442,"minecraft:sprint_one_cm":266,"minecraft:damage_taken":890,"minecraft:walk_one_cm":151200,"minecraft:mob_kills":1,"minecraft:damage_dealt":279,"minecraft:interact_with_crafting_table":5,"minecraft:fly_one_cm":3645,"minecraft:open_chest":1,"minecraft:play_one_minute":26507,"minecraft:deaths":2,"minecraft:walk_under_water_one_cm":7888,"minecraft:jump":349,"minecraft:leave_game":2,"minecraft:time_since_death":7405,"minecraft:walk_on_water_one_cm":8320,"minecraft:climb_one_cm":1320,"minecraft:fall_one_cm":6937},"minecraft:picked_up":{"minecraft:stripped_oak_log":1,"minecraft:birch_log":6,"minecraft:stick":1,"minecraft:wheat":1,"minecraft:cooked_beef":2,"minecraft:oak_door":1,"minecraft:dandelion":1,"minecraft:oak_stairs":5,"minecraft:oak_log":12,"minecraft:shield":1,"minecraft:string":7,"minecraft:spider_eye":3,"minecraft:wooden_hoe":1,"alexsmobs:gazelle_horn":1,"minecraft:dirt":2,"minecraft:iron_axe":1,"minecraft:iron_leggings":1,"minecraft:stone_sword":1,"minecraft:rotten_flesh":6,"minecraft:wheat_seeds":12,"minecraft:iron_ore":4,"minecraft:stone_pickaxe":1,"minecraft:gold_ingot":3,"minecraft:oak_sapling":1,"minecraft:oak_planks":16,"minecraft:stone_hoe":1,"minecraft:coal":23,"minecraft:cobblestone":21},"minecraft:mined":{"minecraft:birch_planks":1,"minecraft:oak_door":1,"minecraft:iron_ore":3,"minecraft:birch_log":3,"minecraft:birch_leaves":1,"minecraft:dandelion":1,"minecraft:grass":5,"minecraft:oak_log":10,"minecraft:coal_ore":22,"minecraft:oak_stairs":9,"minecraft:dirt":2,"minecraft:stripped_oak_log":1,"minecraft:cobweb":9,"minecraft:stone":18,"minecraft:oak_planks":16,"minecraft:oak_leaves":1},"minecraft:crafted":{"minecraft:oak_planks":8,"minecraft:crafting_table":1,"minecraft:stick":8,"minecraft:birch_planks":24},"minecraft:used":{"minecraft:stone_sword":26,"minecraft:birch_planks":1,"minecraft:iron_axe":40,"minecraft:stone_pickaxe":46,"minecraft:rotten_flesh":1,"minecraft:spider_eye":1,"alexsmobs:animal_dictionary":2,"minecraft:cooked_beef":2},"minecraft:killed_by":{"minecraft:player":1,"minecraft:zombie":1},"minecraft:killed":{"minecraft:cave_spider":1}},"DataVersion":2586}