{"stats":{"minecraft:broken":{"minecraft:stone_pickaxe":1,"minecraft:iron_pickaxe":5},"minecraft:mined":{"minecraft:diamond_ore":8,"minecraft:obsidian":21,"minecraft:granite":25,"minecraft:grass_block":5,"minecraft:crimson_roots":2,"minecraft:soul_soil":2,"minecraft:crimson_fungus":4,"minecraft:crimson_stem":24,"minecraft:weeping_vines_plant":1,"minecraft:magma_block":41,"minecraft:redstone_ore":1,"minecraft:furnace":5,"minecraft:nether_sprouts":1,"minecraft:iron_ore":166,"minecraft:fire":4,"minecraft:andesite":17,"minecraft:stone":515,"minecraft:bone_block":18,"dead_guys_untitled_deep_dark_:cold_sculk":5,"minecraft:blackstone":6,"minecraft:soul_sand":1,"minecraft:crimson_nylium":3,"minecraft:crafting_table":14,"minecraft:torch":2,"minecraft:warped_roots":1,"minecraft:nether_quartz_ore":28,"minecraft:cobblestone":43,"minecraft:diorite":3,"minecraft:wall_torch":2,"minecraft:warped_nylium":2,"minecraft:nether_wart_block":2,"minecraft:warped_fungus":2,"minecraft:grass":2,"minecraft:oak_log":18,"minecraft:coal_ore":429,"minecraft:gravel":15,"minecraft:dirt":23,"minecraft:netherrack":763,"minecraft:ancient_debris":2,"minecraft:gold_ore":8,"minecraft:oak_leaves":2,"minecraft:infested_stone":5},"minecraft:picked_up":{"minecraft:crafting_table":13,"minecraft:chicken":4,"minecraft:string":3,"minecraft:soul_soil":2,"minecraft:blackstone":5,"alexsmobs:blood_sac":10,"minecraft:oak_boat":1,"minecraft:furnace":4,"minecraft:torch":5,"minecraft:porkchop":5,"minecraft:diorite":2,"minecraft:redstone":4,"minecraft:arrow":6,"minecraft:weeping_vines":3,"minecraft:rotten_flesh":4,"minecraft:mutton":6,"minecraft:obsidian":21,"minecraft:white_wool":5,"minecraft:bone_block":18,"minecraft:rail":6,"minecraft:cobblestone":423,"minecraft:magma_block":29,"minecraft:feather":2,"minecraft:crimson_stem":24,"minecraft:andesite":13,"minecraft:leather":1,"minecraft:flint":2,"minecraft:crimson_fungus":4,"minecraft:oak_log":18,"minecraft:ancient_debris":2,"minecraft:nether_wart_block":2,"minecraft:gunpowder":1,"minecraft:dirt":20,"minecraft:bone":5,"minecraft:iron_ore":164,"minecraft:soul_sand":3,"minecraft:oak_planks":18,"minecraft:warped_fungus":2,"minecraft:cooked_porkchop":2,"minecraft:quartz":14,"minecraft:gold_ore":8,"minecraft:spider_eye":1,"minecraft:diamond":8,"minecraft:granite":11,"minecraft:warped_roots":1,"minecraft:netherrack":667,"minecraft:coal":472,"minecraft:crimson_roots":2,"minecraft:ender_pearl":1},"minecraft:crafted":{"minecraft:oak_planks":72,"minecraft:cooked_chicken":4,"minecraft:furnace":3,"minecraft:cooked_mutton":6,"minecraft:flint_and_steel":1,"minecraft:iron_boots":1,"minecraft:iron_axe":1,"minecraft:stone_pickaxe":1,"minecraft:chest":2,"minecraft:golden_boots":1,"minecraft:coal_block":38,"minecraft:crimson_planks":96,"minecraft:diamond_sword":1,"minecraft:crafting_table":3,"minecraft:wooden_pickaxe":1,"minecraft:iron_helmet":1,"minecraft:bowl":4,"minecraft:bucket":2,"minecraft:stone_axe":1,"minecraft:air":0,"minecraft:oak_boat":1,"minecraft:iron_chestplate":1,"minecraft:diamond_pickaxe":1,"minecraft:shield":1,"minecraft:stick":48,"minecraft:iron_ingot":157,"minecraft:iron_pickaxe":8,"minecraft:wooden_axe":1,"minecraft:iron_leggings":1,"minecraft:gold_ingot":8,"minecraft:white_bed":1,"farmersdelight:nether_salad":2,"minecraft:torch":44},"minecraft:killed":{"alexsmobs:dropbear":1,"minecraft:cave_spider":2,"minecraft:spider":2,"minecraft:skeleton":4,"minecraft:chicken":4,"minecraft:silverfish":5,"minecraft:piglin":2,"minecraft:hoglin":3,"minecraft:creeper":3,"alexsmobs:crimson_mosquito":19,"minecraft:sheep":5,"minecraft:zombie":7},"minecraft:used":{"minecraft:flint_and_steel":1,"minecraft:chest":2,"minecraft:shield":43,"minecraft:cooked_chicken":4,"minecraft:rotten_flesh":2,"minecraft:netherrack":175,"farmersdelight:nether_salad":2,"minecraft:torch":71,"minecraft:dirt":9,"minecraft:obsidian":9,"minecraft:wooden_axe":15,"minecraft:iron_axe":94,"minecraft:furnace":7,"minecraft:cooked_mutton":6,"minecraft:water_bucket":14,"minecraft:diorite":1,"minecraft:stone_pickaxe":130,"minecraft:wooden_pickaxe":10,"minecraft:golden_apple":2,"minecraft:crafting_table":15,"minecraft:white_bed":1,"minecraft:diamond_pickaxe":565,"minecraft:iron_pickaxe":1425,"minecraft:stone_axe":31,"minecraft:diamond_sword":55,"minecraft:cobblestone":230,"minecraft:porkchop":2,"minecraft:cooked_porkchop":2,"minecraft:bucket":15,"minecraft:andesite":7,"alexsmobs:animal_dictionary":1,"minecraft:oak_boat":1},"minecraft:dropped":{"minecraft:feather":2,"minecraft:weeping_vines":3,"minecraft:cobblestone":39,"minecraft:warped_roots":1,"minecraft:granite":11,"minecraft:rail":6,"minecraft:dirt":11,"minecraft:diorite":1,"minecraft:nether_wart_block":2,"minecraft:wooden_axe":1,"minecraft:string":3,"alexsmobs:animal_dictionary":1,"minecraft:rotten_flesh":2,"alexsmobs:blood_sac":8,"minecraft:gunpowder":1,"minecraft:andesite":6,"minecraft:oak_boat":1,"minecraft:iron_ore":7,"minecraft:wooden_pickaxe":1,"minecraft:netherrack":13},"minecraft:custom":{"minecraft:mob_kills":58,"minecraft:interact_with_crafting_table":34,"minecraft:time_since_death":24398,"minecraft:climb_one_cm":871,"minecraft:sprint_one_cm":223931,"minecraft:walk_one_cm":376372,"minecraft:drop":32,"minecraft:deaths":1,"minecraft:sneak_time":21342,"minecraft:walk_under_water_one_cm":2207,"minecraft:boat_one_cm":95095,"minecraft:jump":1649,"minecraft:walk_on_water_one_cm":6726,"minecraft:interact_with_furnace":56,"minecraft:play_one_minute":130923,"minecraft:time_since_rest":24424,"minecraft:damage_taken":1135,"minecraft:damage_absorbed":54,"minecraft:damage_dealt":8275,"minecraft:swim_one_cm":571,"minecraft:fly_one_cm":235698,"minecraft:open_chest":21,"minecraft:crouch_one_cm":57362,"minecraft:fall_one_cm":34471}},"DataVersion":2586}