{"stats":{"minecraft:custom":{"minecraft:mob_kills":104,"minecraft:open_barrel":1,"minecraft:interact_with_crafting_table":68,"minecraft:leave_game":1,"minecraft:time_since_death":91792,"minecraft:climb_one_cm":1962,"minecraft:sprint_one_cm":516413,"minecraft:walk_one_cm":750875,"minecraft:drop":86,"minecraft:talked_to_villager":12,"minecraft:deaths":3,"minecraft:sneak_time":27722,"minecraft:walk_under_water_one_cm":8042,"minecraft:boat_one_cm":95095,"minecraft:jump":3604,"minecraft:walk_on_water_one_cm":14449,"minecraft:interact_with_furnace":94,"minecraft:traded_with_villager":5,"minecraft:play_one_minute":257055,"minecraft:time_since_rest":91856,"minecraft:damage_taken":1857,"minecraft:damage_absorbed":54,"minecraft:damage_dealt":14767,"minecraft:swim_one_cm":84792,"minecraft:fly_one_cm":642499,"minecraft:open_chest":83,"minecraft:crouch_one_cm":76694,"minecraft:fall_one_cm":83552},"minecraft:broken":{"minecraft:stone_pickaxe":1,"minecraft:iron_axe":1,"minecraft:iron_pickaxe":7,"minecraft:iron_helmet":1},"minecraft:picked_up":{"minecraft:crafting_table":17,"minecraft:wheat":73,"minecraft:chicken":9,"minecraft:oak_trapdoor":4,"minecraft:dark_oak_trapdoor":2,"minecraft:red_bed":1,"minecraft:string":3,"minecraft:soul_soil":2,"minecraft:white_carpet":1,"minecraft:blackstone":5,"alexsmobs:blood_sac":11,"minecraft:spruce_planks":1,"minecraft:beef":11,"minecraft:oak_boat":1,"minecraft:sugar_cane":17,"minecraft:iron_boots":2,"minecraft:furnace":9,"minecraft:composter":5,"minecraft:torch":5,"minecraft:porkchop":21,"minecraft:diorite":7,"minecraft:carrot":275,"minecraft:redstone":4,"minecraft:arrow":9,"minecraft:weeping_vines":3,"minecraft:rotten_flesh":6,"minecraft:beetroot_seeds":1,"minecraft:hay_block":135,"minecraft:iron_block":1,"minecraft:gold_ingot":2,"minecraft:bone_block":28,"minecraft:obsidian":32,"minecraft:mutton":10,"minecraft:rail":6,"minecraft:white_wool":21,"minecraft:cobblestone":534,"minecraft:enchanting_table":1,"minecraft:magma_block":29,"minecraft:feather":7,"minecraft:crimson_stem":24,"minecraft:andesite":14,"minecraft:leather":11,"minecraft:potato":57,"minecraft:flint":2,"minecraft:crimson_fungus":5,"minecraft:oak_log":18,"minecraft:ancient_debris":2,"minecraft:nether_wart_block":2,"minecraft:gunpowder":1,"alexsmobs:mosquito_proboscis":1,"minecraft:dirt":21,"minecraft:lantern":4,"minecraft:bone":8,"minecraft:wheat_seeds":171,"minecraft:iron_ore":179,"minecraft:oak_planks":18,"minecraft:soul_sand":4,"minecraft:book":63,"minecraft:warped_fungus":2,"minecraft:cooked_porkchop":2,"minecraft:quartz":17,"minecraft:gravel":1,"minecraft:stripped_spruce_log":10,"minecraft:spruce_sapling":2,"minecraft:dark_oak_fence_gate":2,"minecraft:spruce_log":45,"minecraft:gold_ore":8,"minecraft:spider_eye":1,"minecraft:diamond":8,"minecraft:granite":11,"minecraft:emerald":7,"minecraft:bread":69,"minecraft:warped_roots":1,"minecraft:netherrack":912,"minecraft:coal":710,"minecraft:crimson_roots":4,"minecraft:ender_pearl":1},"minecraft:mined":{"minecraft:diamond_ore":8,"minecraft:spruce_planks":1,"minecraft:obsidian":32,"minecraft:granite":25,"minecraft:grass_block":8,"minecraft:crimson_roots":3,"minecraft:soul_soil":2,"minecraft:spruce_leaves":19,"minecraft:composter":5,"minecraft:crimson_fungus":4,"minecraft:crimson_stem":24,"minecraft:hay_block":125,"farmersdelight:wild_onions":2,"minecraft:weeping_vines_plant":1,"minecraft:magma_block":41,"minecraft:redstone_ore":1,"minecraft:oak_trapdoor":4,"minecraft:furnace":10,"minecraft:carrots":75,"minecraft:dark_oak_trapdoor":2,"minecraft:nether_sprouts":1,"minecraft:iron_ore":181,"minecraft:fire":4,"minecraft:dark_oak_fence_gate":2,"minecraft:andesite":18,"minecraft:stripped_spruce_log":10,"minecraft:pumpkin":1,"minecraft:enchanting_table":1,"minecraft:bookshelf":20,"minecraft:potatoes":16,"minecraft:packed_ice":3,"minecraft:stone":629,"minecraft:bone_block":28,"dead_guys_untitled_deep_dark_:cold_sculk":6,"minecraft:light_gray_carpet":3,"minecraft:glass_pane":2,"minecraft:red_bed":1,"minecraft:blackstone":6,"minecraft:soul_sand":2,"minecraft:crimson_nylium":7,"minecraft:crafting_table":18,"minecraft:torch":2,"minecraft:warped_roots":1,"minecraft:nether_quartz_ore":31,"minecraft:tall_grass":1,"minecraft:cobblestone":45,"minecraft:sugar_cane":6,"minecraft:diorite":8,"minecraft:wall_torch":2,"minecraft:warped_nylium":2,"minecraft:nether_wart_block":2,"minecraft:wheat":62,"minecraft:sweet_berry_bush":1,"minecraft:white_carpet":9,"minecraft:spruce_log":45,"minecraft:warped_fungus":2,"minecraft:grass_path":1,"minecraft:grass":4,"minecraft:oak_log":18,"minecraft:coal_ore":555,"minecraft:beetroots":1,"minecraft:gravel":17,"minecraft:dirt":24,"minecraft:netherrack":1008,"minecraft:ancient_debris":2,"minecraft:gold_ore":8,"minecraft:oak_leaves":3,"minecraft:infested_stone":5},"minecraft:dropped":{"minecraft:crimson_planks":25,"minecraft:golden_boots":1,"minecraft:bread":63,"minecraft:soul_sand":1,"minecraft:wheat_seeds":119,"minecraft:weeping_vines":3,"minecraft:feather":2,"minecraft:cobblestone":95,"minecraft:warped_roots":1,"minecraft:lantern":4,"minecraft:granite":11,"minecraft:rail":6,"minecraft:coal":25,"minecraft:dirt":12,"minecraft:diorite":6,"minecraft:nether_wart_block":2,"minecraft:crimson_roots":4,"minecraft:wooden_axe":1,"minecraft:string":3,"minecraft:white_wool":16,"minecraft:spruce_sapling":1,"minecraft:bone":2,"minecraft:gravel":1,"minecraft:crimson_fungus":3,"minecraft:soul_soil":1,"alexsmobs:animal_dictionary":1,"minecraft:wheat":1,"minecraft:white_carpet":1,"minecraft:rotten_flesh":3,"minecraft:iron_boots":2,"minecraft:hay_block":10,"alexsmobs:blood_sac":10,"minecraft:gunpowder":1,"minecraft:andesite":6,"minecraft:oak_boat":1,"minecraft:iron_ore":7,"minecraft:arrow":1,"minecraft:wooden_pickaxe":1,"minecraft:netherrack":549,"alexsmobs:mosquito_proboscis":1},"minecraft:crafted":{"minecraft:grindstone":1,"minecraft:oak_planks":72,"minecraft:coal":9,"minecraft:cooked_chicken":9,"minecraft:furnace":4,"minecraft:stone":11,"minecraft:bone_meal":252,"minecraft:bookshelf":16,"minecraft:cooked_mutton":10,"minecraft:flint_and_steel":1,"minecraft:iron_boots":1,"minecraft:iron_axe":2,"minecraft:stone_pickaxe":1,"minecraft:chest":4,"minecraft:wheat":344,"minecraft:golden_boots":1,"minecraft:cooked_beef":11,"minecraft:coal_block":56,"minecraft:crimson_planks":96,"minecraft:diamond_sword":1,"minecraft:emerald":5,"minecraft:cooked_porkchop":19,"minecraft:crafting_table":5,"minecraft:spruce_planks":160,"minecraft:enchanting_table":1,"minecraft:wooden_pickaxe":1,"minecraft:iron_helmet":2,"minecraft:bowl":4,"minecraft:bucket":2,"minecraft:stone_axe":1,"minecraft:bread":141,"minecraft:air":0,"minecraft:oak_boat":1,"minecraft:iron_chestplate":1,"minecraft:book":1,"minecraft:paper":15,"minecraft:diamond_pickaxe":1,"minecraft:shield":1,"minecraft:stone_slab":6,"minecraft:stick":72,"minecraft:iron_ingot":190,"minecraft:iron_pickaxe":11,"minecraft:wooden_axe":1,"minecraft:iron_block":12,"minecraft:iron_leggings":3,"minecraft:gold_ingot":8,"minecraft:anvil":1,"minecraft:white_bed":1,"farmersdelight:nether_salad":2,"minecraft:torch":44},"minecraft:used":{"minecraft:enchanting_table":2,"minecraft:flint_and_steel":1,"minecraft:spruce_planks":46,"minecraft:chest":4,"minecraft:shield":45,"minecraft:cooked_chicken":9,"minecraft:rotten_flesh":2,"minecraft:netherrack":236,"farmersdelight:nether_salad":2,"minecraft:torch":71,"minecraft:dirt":9,"minecraft:carrot":90,"minecraft:stripped_spruce_log":10,"minecraft:obsidian":9,"minecraft:wooden_axe":15,"minecraft:bookshelf":16,"minecraft:iron_axe":192,"minecraft:furnace":14,"minecraft:wheat_seeds":61,"minecraft:cooked_mutton":10,"minecraft:water_bucket":14,"minecraft:diorite":1,"minecraft:stone_pickaxe":130,"minecraft:wooden_pickaxe":10,"minecraft:composter":5,"minecraft:golden_apple":2,"minecraft:crafting_table":22,"minecraft:red_bed":1,"minecraft:white_bed":1,"minecraft:spruce_log":5,"minecraft:diamond_pickaxe":579,"minecraft:bread":9,"minecraft:iron_pickaxe":1957,"minecraft:spruce_sapling":1,"minecraft:stone_axe":31,"minecraft:diamond_sword":159,"minecraft:cobblestone":252,"minecraft:porkchop":2,"minecraft:cooked_porkchop":2,"minecraft:andesite":7,"minecraft:bucket":15,"minecraft:oak_boat":1,"alexsmobs:animal_dictionary":1,"minecraft:bone_meal":195},"minecraft:killed_by":{"alexsmobs:crimson_mosquito":1},"minecraft:killed":{"alexsmobs:dropbear":1,"minecraft:cave_spider":2,"minecraft:spider":3,"minecraft:skeleton":8,"minecraft:chicken":9,"minecraft:silverfish":5,"minecraft:piglin":2,"minecraft:pig":6,"minecraft:hoglin":5,"minecraft:creeper":4,"alexsmobs:crimson_mosquito":26,"minecraft:sheep":9,"minecraft:zombie":17,"minecraft:cow":6}},"DataVersion":2586}