{"stats":{"minecraft:custom":{"minecraft:mob_kills":179,"minecraft:open_barrel":1,"minecraft:interact_with_crafting_table":72,"minecraft:leave_game":1,"minecraft:time_since_death":151792,"minecraft:climb_one_cm":1962,"minecraft:damage_resisted":64,"minecraft:sprint_one_cm":637599,"minecraft:walk_one_cm":963350,"minecraft:drop":99,"minecraft:talked_to_villager":12,"minecraft:deaths":3,"minecraft:sneak_time":28766,"minecraft:walk_under_water_one_cm":9742,"minecraft:boat_one_cm":95095,"minecraft:jump":4671,"minecraft:enchant_item":2,"minecraft:walk_on_water_one_cm":26773,"minecraft:interact_with_furnace":98,"minecraft:traded_with_villager":5,"minecraft:play_one_minute":317055,"minecraft:time_since_rest":151856,"minecraft:damage_taken":2754,"minecraft:damage_absorbed":54,"minecraft:damage_dealt":29194,"minecraft:swim_one_cm":97774,"minecraft:fly_one_cm":801001,"minecraft:open_chest":104,"minecraft:crouch_one_cm":80242,"minecraft:fall_one_cm":107344},"minecraft:broken":{"minecraft:iron_chestplate":1,"minecraft:stone_pickaxe":1,"minecraft:iron_axe":1,"minecraft:iron_pickaxe":7,"minecraft:iron_helmet":1},"minecraft:picked_up":{"minecraft:crafting_table":17,"minecraft:wheat":73,"minecraft:anvil":1,"minecraft:chicken":9,"dead_guys_untitled_deep_dark_:dahlia_petal":2,"minecraft:oak_trapdoor":4,"minecraft:dark_oak_trapdoor":2,"minecraft:red_bed":1,"minecraft:string":21,"minecraft:soul_soil":2,"minecraft:white_carpet":1,"minecraft:blackstone":5,"alexsmobs:blood_sac":11,"minecraft:spruce_planks":2,"minecraft:beef":11,"minecraft:oak_boat":1,"minecraft:sugar_cane":25,"minecraft:iron_boots":2,"minecraft:furnace":9,"dead_guys_untitled_deep_dark_:cold_deep_stone":1,"minecraft:composter":5,"minecraft:torch":7,"minecraft:porkchop":33,"minecraft:diorite":10,"minecraft:carrot":283,"minecraft:redstone":81,"alexsmobs:centipede_leg":4,"minecraft:arrow":28,"minecraft:weeping_vines":3,"minecraft:rotten_flesh":100,"minecraft:beetroot_seeds":1,"minecraft:hay_block":135,"minecraft:iron_block":1,"minecraft:gold_ingot":2,"minecraft:bone_block":28,"minecraft:obsidian":32,"minecraft:mutton":10,"minecraft:rail":6,"minecraft:white_wool":21,"minecraft:cobblestone":571,"minecraft:enchanting_table":1,"minecraft:magma_block":29,"minecraft:feather":7,"minecraft:crimson_stem":24,"minecraft:andesite":14,"minecraft:leather":11,"minecraft:potato":59,"minecraft:flint":2,"minecraft:crimson_fungus":5,"minecraft:oak_log":18,"minecraft:ancient_debris":2,"minecraft:nether_wart_block":2,"minecraft:gunpowder":22,"minecraft:lapis_lazuli":43,"alexsmobs:mosquito_proboscis":1,"minecraft:dirt":22,"minecraft:lantern":4,"minecraft:bone":28,"minecraft:chipped_anvil":1,"minecraft:wheat_seeds":172,"minecraft:iron_ingot":2,"minecraft:grindstone":1,"minecraft:iron_ore":218,"minecraft:oak_planks":24,"minecraft:soul_sand":4,"minecraft:book":63,"minecraft:warped_fungus":2,"minecraft:cooked_porkchop":2,"minecraft:quartz":17,"minecraft:gravel":1,"dead_guys_untitled_deep_dark_:cold_sculk_prairie":2,"minecraft:stripped_spruce_log":10,"minecraft:spruce_sapling":2,"minecraft:dark_oak_fence_gate":2,"minecraft:spruce_log":53,"minecraft:gold_ore":23,"minecraft:spider_eye":19,"minecraft:diamond":18,"minecraft:granite":12,"minecraft:emerald":7,"minecraft:bread":69,"minecraft:warped_roots":1,"minecraft:netherrack":912,"minecraft:coal":1311,"minecraft:crimson_roots":4,"minecraft:ender_pearl":6},"minecraft:mined":{"minecraft:diamond_ore":14,"minecraft:spruce_planks":1,"farmersdelight:wild_carrots":8,"minecraft:obsidian":32,"minecraft:granite":25,"minecraft:grass_block":8,"minecraft:crimson_roots":3,"minecraft:soul_soil":2,"minecraft:spruce_leaves":25,"minecraft:composter":5,"minecraft:crimson_fungus":4,"minecraft:crimson_stem":24,"minecraft:hay_block":125,"farmersdelight:wild_onions":2,"minecraft:weeping_vines_plant":1,"minecraft:magma_block":41,"minecraft:redstone_ore":16,"minecraft:oak_trapdoor":4,"minecraft:furnace":10,"minecraft:carrots":75,"minecraft:dark_oak_trapdoor":2,"minecraft:nether_sprouts":1,"minecraft:iron_ore":220,"minecraft:fire":4,"dead_guys_untitled_deep_dark_:cold_deep_stone":1,"minecraft:dark_oak_fence_gate":2,"minecraft:andesite":18,"minecraft:stripped_spruce_log":10,"minecraft:pumpkin":1,"minecraft:anvil":1,"minecraft:enchanting_table":1,"minecraft:bookshelf":20,"minecraft:potatoes":16,"minecraft:packed_ice":3,"minecraft:stone":651,"minecraft:bone_block":28,"dead_guys_untitled_deep_dark_:cold_sculk":7,"minecraft:light_gray_carpet":3,"minecraft:glass_pane":2,"minecraft:red_bed":1,"minecraft:blackstone":6,"minecraft:soul_sand":2,"minecraft:crimson_nylium":7,"minecraft:crafting_table":18,"minecraft:torch":2,"minecraft:warped_roots":1,"minecraft:nether_quartz_ore":31,"minecraft:tall_grass":2,"minecraft:cobblestone":46,"minecraft:lapis_ore":5,"minecraft:grindstone":1,"minecraft:oak_planks":6,"minecraft:sugar_cane":10,"minecraft:diorite":9,"minecraft:wall_torch":3,"minecraft:warped_nylium":2,"minecraft:nether_wart_block":2,"minecraft:wheat":62,"minecraft:sweet_berry_bush":1,"minecraft:white_carpet":9,"minecraft:spruce_log":53,"minecraft:birch_leaves":2,"minecraft:warped_fungus":2,"minecraft:grass_path":1,"minecraft:grass":6,"minecraft:oak_log":18,"minecraft:coal_ore":895,"minecraft:beetroots":1,"minecraft:gravel":17,"minecraft:dirt":24,"minecraft:netherrack":1008,"minecraft:ancient_debris":2,"minecraft:chipped_anvil":1,"minecraft:gold_ore":23,"minecraft:oak_leaves":3,"minecraft:infested_stone":5},"minecraft:dropped":{"minecraft:crimson_planks":25,"minecraft:golden_boots":1,"minecraft:bread":63,"minecraft:soul_sand":1,"minecraft:wheat_seeds":119,"dead_guys_untitled_deep_dark_:cold_deep_stone":1,"minecraft:weeping_vines":3,"minecraft:feather":2,"minecraft:cobblestone":95,"minecraft:warped_roots":1,"minecraft:lantern":4,"minecraft:granite":11,"minecraft:rail":6,"minecraft:coal":25,"minecraft:dirt":12,"minecraft:diorite":9,"minecraft:nether_wart_block":2,"minecraft:crimson_roots":4,"minecraft:wooden_axe":1,"minecraft:string":3,"minecraft:white_wool":16,"minecraft:spruce_sapling":1,"minecraft:bone":2,"minecraft:gravel":1,"minecraft:crimson_fungus":3,"minecraft:soul_soil":1,"alexsmobs:animal_dictionary":1,"dead_guys_untitled_deep_dark_:dahlia_petal":1,"minecraft:wheat":1,"minecraft:white_carpet":1,"minecraft:rotten_flesh":28,"minecraft:iron_boots":2,"minecraft:potato":2,"minecraft:hay_block":10,"alexsmobs:blood_sac":10,"minecraft:gunpowder":1,"minecraft:andesite":6,"minecraft:oak_boat":1,"minecraft:iron_ore":7,"minecraft:arrow":1,"minecraft:wooden_pickaxe":1,"dead_guys_untitled_deep_dark_:cold_sculk_prairie":2,"minecraft:netherrack":549,"alexsmobs:mosquito_proboscis":1},"minecraft:crafted":{"minecraft:grindstone":1,"minecraft:oak_planks":72,"minecraft:coal":36,"minecraft:cooked_chicken":9,"minecraft:furnace":4,"minecraft:stone":16,"minecraft:bone_meal":252,"minecraft:bookshelf":16,"minecraft:cooked_mutton":10,"minecraft:flint_and_steel":1,"minecraft:bow":1,"minecraft:iron_boots":1,"minecraft:iron_axe":2,"minecraft:stone_pickaxe":1,"minecraft:chest":4,"minecraft:netherite_scrap":2,"minecraft:wheat":344,"minecraft:golden_boots":1,"minecraft:cooked_beef":11,"minecraft:coal_block":108,"minecraft:crimson_planks":96,"minecraft:diamond_sword":1,"minecraft:emerald":5,"minecraft:cooked_porkchop":19,"minecraft:crafting_table":5,"minecraft:spruce_planks":160,"minecraft:enchanting_table":1,"minecraft:wooden_pickaxe":1,"minecraft:iron_helmet":2,"minecraft:bowl":4,"minecraft:bucket":2,"minecraft:stone_axe":1,"minecraft:bread":141,"minecraft:air":0,"minecraft:oak_boat":1,"minecraft:iron_chestplate":1,"minecraft:book":1,"minecraft:paper":15,"minecraft:diamond_pickaxe":2,"minecraft:shield":1,"minecraft:stone_slab":6,"minecraft:stick":72,"minecraft:iron_ingot":190,"minecraft:iron_pickaxe":11,"minecraft:wooden_axe":1,"minecraft:iron_block":12,"minecraft:iron_leggings":3,"minecraft:gold_ingot":8,"minecraft:anvil":1,"minecraft:white_bed":1,"farmersdelight:nether_salad":2,"minecraft:torch":84},"minecraft:used":{"minecraft:enchanting_table":2,"minecraft:flint_and_steel":1,"dead_guys_untitled_deep_dark_:dahlia_petal":1,"minecraft:spruce_planks":66,"minecraft:chest":4,"minecraft:shield":69,"minecraft:cooked_chicken":9,"minecraft:rotten_flesh":2,"minecraft:netherrack":236,"farmersdelight:nether_salad":2,"minecraft:torch":116,"minecraft:dirt":9,"minecraft:anvil":2,"minecraft:carrot":91,"minecraft:stripped_spruce_log":10,"minecraft:obsidian":9,"minecraft:wooden_axe":15,"minecraft:chipped_anvil":1,"minecraft:bookshelf":16,"minecraft:iron_axe":207,"minecraft:furnace":14,"minecraft:wheat_seeds":61,"minecraft:cooked_mutton":10,"minecraft:water_bucket":14,"minecraft:diorite":1,"minecraft:iron_ore":2,"minecraft:stone_pickaxe":130,"minecraft:wooden_pickaxe":10,"minecraft:composter":5,"minecraft:golden_apple":2,"minecraft:crafting_table":22,"minecraft:red_bed":1,"minecraft:white_bed":1,"minecraft:spruce_log":5,"minecraft:diamond_pickaxe":1009,"minecraft:bread":33,"minecraft:iron_pickaxe":1976,"minecraft:spruce_sapling":1,"minecraft:stone_axe":31,"minecraft:diamond_sword":310,"minecraft:cobblestone":275,"minecraft:grindstone":2,"minecraft:porkchop":2,"minecraft:cooked_porkchop":2,"minecraft:andesite":7,"minecraft:bucket":15,"minecraft:oak_boat":1,"alexsmobs:animal_dictionary":1,"minecraft:bone_meal":195},"minecraft:killed_by":{"alexsmobs:crimson_mosquito":1},"minecraft:killed":{"alexsmobs:dropbear":1,"minecraft:cave_spider":2,"minecraft:spider":10,"minecraft:skeleton":16,"minecraft:chicken":9,"minecraft:silverfish":5,"alexsmobs:centipede_head":1,"minecraft:piglin":2,"minecraft:pig":9,"minecraft:zombie_villager":1,"minecraft:hoglin":5,"minecraft:creeper":14,"alexsmobs:crimson_mosquito":26,"minecraft:sheep":9,"minecraft:zombie":51,"minecraft:enderman":2,"minecraft:cow":6}},"DataVersion":2586}