{"stats":{"minecraft:custom":{"minecraft:interact_with_crafting_table":78,"minecraft:open_barrel":1,"minecraft:leave_game":1,"minecraft:time_since_death":199792,"minecraft:damage_resisted":64,"minecraft:sprint_one_cm":712616,"minecraft:drop":121,"minecraft:talked_to_villager":12,"minecraft:deaths":3,"minecraft:jump":5446,"minecraft:walk_on_water_one_cm":26894,"minecraft:enchant_item":4,"minecraft:interact_with_furnace":102,"minecraft:traded_with_villager":5,"minecraft:play_one_minute":365055,"minecraft:damage_dealt":34954,"minecraft:crouch_one_cm":99545,"minecraft:mob_kills":215,"minecraft:climb_one_cm":2442,"minecraft:walk_one_cm":1157180,"minecraft:sneak_time":33741,"minecraft:walk_under_water_one_cm":9918,"minecraft:boat_one_cm":95095,"minecraft:interact_with_grindstone":2,"minecraft:time_since_rest":199856,"minecraft:damage_absorbed":54,"minecraft:damage_taken":3882,"minecraft:fly_one_cm":878521,"minecraft:swim_one_cm":98882,"minecraft:open_chest":120,"minecraft:fall_one_cm":130207},"minecraft:broken":{"minecraft:iron_boots":1,"minecraft:iron_chestplate":1,"minecraft:stone_pickaxe":1,"minecraft:iron_axe":1,"minecraft:iron_pickaxe":8,"minecraft:iron_helmet":2},"minecraft:picked_up":{"minecraft:wheat":73,"minecraft:anvil":1,"minecraft:crimson_planks":1,"minecraft:soul_soil":2,"minecraft:string":21,"minecraft:dark_oak_trapdoor":2,"alexsmobs:dropbear_claw":4,"alexsmobs:blood_sac":18,"minecraft:gold_nugget":124,"minecraft:spruce_planks":8,"minecraft:iron_boots":2,"minecraft:furnace":9,"minecraft:composter":5,"minecraft:torch":7,"minecraft:porkchop":36,"minecraft:diorite":10,"alexsmobs:centipede_leg":4,"minecraft:rotten_flesh":100,"minecraft:iron_block":1,"minecraft:obsidian":33,"minecraft:cobblestone":594,"minecraft:enchanting_table":1,"minecraft:magma_block":29,"minecraft:feather":7,"minecraft:andesite":14,"minecraft:potato":59,"minecraft:flint":2,"minecraft:lapis_lazuli":43,"minecraft:dirt":27,"minecraft:lantern":4,"minecraft:bone":30,"minecraft:chipped_anvil":1,"minecraft:wheat_seeds":172,"minecraft:grindstone":2,"minecraft:oak_planks":24,"minecraft:cooked_porkchop":8,"minecraft:stripped_spruce_log":10,"dead_guys_untitled_deep_dark_:cold_sculk_prairie":2,"minecraft:spectral_arrow":9,"minecraft:diamond":18,"minecraft:granite":15,"minecraft:bread":69,"minecraft:emerald":7,"minecraft:netherrack":1205,"minecraft:crimson_roots":8,"minecraft:crafting_table":19,"minecraft:chicken":9,"minecraft:nether_wart":18,"minecraft:brown_mushroom":9,"minecraft:gold_block":4,"dead_guys_untitled_deep_dark_:dahlia_petal":2,"minecraft:oak_trapdoor":4,"minecraft:red_bed":1,"minecraft:white_carpet":1,"minecraft:blackstone":20,"minecraft:beef":11,"minecraft:oak_boat":1,"minecraft:sugar_cane":25,"dead_guys_untitled_deep_dark_:cold_deep_stone":1,"minecraft:polished_blackstone_bricks":10,"minecraft:carrot":283,"minecraft:redstone":81,"minecraft:arrow":32,"minecraft:weeping_vines":3,"minecraft:beetroot_seeds":1,"minecraft:hay_block":135,"minecraft:gold_ingot":2,"minecraft:mutton":10,"minecraft:white_wool":21,"minecraft:rail":6,"minecraft:bone_block":54,"minecraft:basalt":1,"minecraft:crimson_stem":39,"minecraft:leather":19,"minecraft:red_mushroom":14,"minecraft:crimson_fungus":5,"minecraft:oak_log":18,"minecraft:ancient_debris":2,"minecraft:nether_wart_block":2,"minecraft:gunpowder":22,"alexsmobs:mosquito_proboscis":1,"minecraft:iron_ingot":2,"minecraft:iron_ore":218,"minecraft:soul_sand":7,"minecraft:book":63,"minecraft:warped_fungus":2,"minecraft:quartz":73,"minecraft:gravel":1,"minecraft:spruce_sapling":2,"minecraft:spruce_log":53,"minecraft:gold_ore":23,"minecraft:crying_obsidian":1,"minecraft:dark_oak_fence_gate":2,"minecraft:spider_eye":19,"minecraft:warped_roots":1,"minecraft:coal":1410,"minecraft:ender_pearl":6},"minecraft:dropped":{"minecraft:soul_sand":1,"minecraft:weeping_vines":3,"minecraft:warped_roots":1,"minecraft:lantern":4,"minecraft:rail":6,"minecraft:dirt":15,"minecraft:crimson_roots":8,"minecraft:white_wool":16,"minecraft:gold_ingot":6,"minecraft:bone":2,"minecraft:gravel":1,"minecraft:crimson_fungus":3,"minecraft:blackstone":15,"alexsmobs:animal_dictionary":1,"minecraft:wheat":1,"minecraft:rotten_flesh":33,"alexsmobs:blood_sac":17,"minecraft:gunpowder":1,"minecraft:iron_ore":7,"minecraft:arrow":1,"minecraft:netherrack":678,"alexsmobs:mosquito_proboscis":1,"minecraft:crimson_planks":25,"minecraft:golden_boots":1,"minecraft:bread":63,"minecraft:wheat_seeds":119,"dead_guys_untitled_deep_dark_:cold_deep_stone":1,"minecraft:feather":2,"minecraft:cobblestone":96,"minecraft:granite":15,"minecraft:coal":25,"minecraft:diorite":9,"minecraft:wooden_axe":1,"minecraft:nether_wart_block":2,"alexsmobs:dropbear_claw":4,"minecraft:string":3,"minecraft:spruce_sapling":1,"minecraft:soul_soil":1,"dead_guys_untitled_deep_dark_:dahlia_petal":1,"minecraft:white_carpet":1,"minecraft:iron_boots":2,"minecraft:potato":2,"minecraft:hay_block":10,"minecraft:andesite":6,"minecraft:oak_boat":1,"minecraft:wooden_pickaxe":1,"dead_guys_untitled_deep_dark_:cold_sculk_prairie":2},"minecraft:mined":{"minecraft:spruce_planks":7,"minecraft:obsidian":32,"minecraft:granite":28,"minecraft:grass_block":9,"minecraft:soul_soil":2,"minecraft:composter":5,"minecraft:crimson_fungus":4,"minecraft:nether_wart":6,"minecraft:polished_blackstone_bricks":10,"minecraft:weeping_vines_plant":1,"minecraft:magma_block":41,"minecraft:dark_oak_trapdoor":2,"minecraft:iron_ore":220,"minecraft:fire":22,"dead_guys_untitled_deep_dark_:cold_deep_stone":1,"minecraft:pumpkin":1,"minecraft:anvil":1,"minecraft:enchanting_table":1,"dead_guys_untitled_deep_dark_:cold_sculk":7,"minecraft:brown_mushroom":9,"minecraft:red_bed":1,"minecraft:blackstone":10,"minecraft:crimson_nylium":10,"minecraft:torch":2,"minecraft:nether_quartz_ore":69,"minecraft:cobblestone":46,"minecraft:grindstone":2,"minecraft:sugar_cane":10,"minecraft:oak_planks":6,"minecraft:wall_torch":3,"minecraft:warped_nylium":2,"minecraft:nether_wart_block":2,"minecraft:wheat":62,"minecraft:warped_fungus":2,"minecraft:grass":6,"minecraft:oak_log":18,"minecraft:beetroots":1,"minecraft:dirt":27,"minecraft:crimson_planks":1,"minecraft:ancient_debris":2,"minecraft:netherrack":1319,"minecraft:oak_leaves":3,"minecraft:nether_gold_ore":16,"minecraft:diamond_ore":14,"farmersdelight:wild_carrots":8,"minecraft:crimson_roots":7,"minecraft:spruce_leaves":25,"minecraft:red_mushroom":14,"minecraft:crimson_stem":39,"minecraft:hay_block":125,"farmersdelight:wild_onions":2,"minecraft:redstone_ore":16,"minecraft:oak_trapdoor":4,"minecraft:carrots":75,"minecraft:furnace":10,"minecraft:nether_sprouts":1,"minecraft:andesite":18,"minecraft:dark_oak_fence_gate":2,"minecraft:stripped_spruce_log":10,"minecraft:gold_block":4,"minecraft:bookshelf":20,"minecraft:potatoes":16,"minecraft:packed_ice":3,"minecraft:stone":673,"minecraft:bone_block":54,"minecraft:light_gray_carpet":3,"minecraft:glass_pane":2,"minecraft:soul_sand":2,"minecraft:basalt":1,"minecraft:crafting_table":20,"minecraft:warped_roots":1,"minecraft:tall_grass":2,"minecraft:lapis_ore":5,"minecraft:diorite":9,"minecraft:sweet_berry_bush":1,"minecraft:white_carpet":9,"minecraft:spruce_log":53,"minecraft:birch_leaves":2,"minecraft:grass_path":1,"minecraft:coal_ore":952,"minecraft:gravel":17,"minecraft:gold_ore":23,"minecraft:chipped_anvil":1,"minecraft:infested_stone":5},"minecraft:crafted":{"minecraft:grindstone":1,"minecraft:oak_planks":72,"minecraft:cooked_chicken":9,"minecraft:stone":16,"minecraft:bookshelf":16,"minecraft:cooked_mutton":10,"minecraft:bow":1,"minecraft:iron_boots":1,"minecraft:chest":4,"minecraft:golden_boots":3,"minecraft:emerald":5,"minecraft:cooked_porkchop":31,"minecraft:crafting_table":6,"minecraft:spruce_planks":192,"minecraft:wooden_pickaxe":1,"minecraft:iron_helmet":2,"minecraft:book":1,"minecraft:iron_chestplate":2,"minecraft:paper":15,"minecraft:diamond_pickaxe":2,"minecraft:shield":1,"minecraft:stick":72,"minecraft:stone_slab":6,"minecraft:iron_ingot":216,"minecraft:iron_pickaxe":11,"minecraft:iron_block":12,"minecraft:gold_ingot":21,"farmersdelight:nether_salad":2,"minecraft:coal":36,"minecraft:furnace":4,"minecraft:mushroom_stew":4,"minecraft:bone_meal":252,"minecraft:flint_and_steel":1,"minecraft:iron_axe":2,"minecraft:stone_pickaxe":1,"minecraft:netherite_scrap":2,"minecraft:wheat":344,"minecraft:cooked_beef":11,"minecraft:coal_block":135,"minecraft:crimson_planks":156,"minecraft:diamond_sword":2,"minecraft:enchanting_table":1,"minecraft:bowl":8,"minecraft:bucket":2,"minecraft:stone_axe":1,"minecraft:bread":141,"minecraft:air":0,"minecraft:oak_boat":1,"minecraft:wooden_axe":1,"minecraft:iron_leggings":3,"minecraft:anvil":1,"minecraft:white_bed":1,"minecraft:torch":84},"minecraft:used":{"dead_guys_untitled_deep_dark_:dahlia_petal":1,"minecraft:chest":4,"minecraft:shield":79,"minecraft:rotten_flesh":2,"minecraft:carrot":91,"minecraft:stripped_spruce_log":10,"minecraft:obsidian":19,"minecraft:furnace":14,"minecraft:diorite":1,"minecraft:stone_pickaxe":130,"minecraft:wooden_pickaxe":10,"minecraft:composter":5,"minecraft:golden_apple":2,"minecraft:bread":57,"minecraft:diamond_sword":425,"minecraft:grindstone":3,"minecraft:andesite":7,"minecraft:oak_boat":1,"minecraft:bone_meal":195,"minecraft:enchanting_table":2,"minecraft:flint_and_steel":12,"minecraft:spruce_planks":103,"minecraft:cooked_chicken":9,"minecraft:netherrack":375,"farmersdelight:nether_salad":2,"minecraft:torch":118,"minecraft:dirt":12,"minecraft:anvil":2,"minecraft:wooden_axe":15,"minecraft:chipped_anvil":1,"minecraft:bookshelf":16,"minecraft:iron_axe":229,"minecraft:crimson_planks":42,"minecraft:wheat_seeds":61,"minecraft:cooked_mutton":10,"minecraft:water_bucket":14,"minecraft:iron_ore":2,"minecraft:polished_blackstone_bricks":8,"minecraft:crafting_table":24,"minecraft:red_bed":1,"minecraft:white_bed":1,"minecraft:spruce_log":5,"minecraft:diamond_pickaxe":1167,"minecraft:iron_pickaxe":2321,"minecraft:spruce_sapling":1,"minecraft:stone_axe":31,"minecraft:cobblestone":295,"minecraft:cooked_porkchop":2,"minecraft:porkchop":2,"minecraft:bucket":15,"alexsmobs:animal_dictionary":1},"minecraft:killed_by":{"alexsmobs:crimson_mosquito":1},"minecraft:killed":{"minecraft:cave_spider":2,"minecraft:spider":10,"minecraft:skeleton":19,"minecraft:chicken":9,"minecraft:silverfish":5,"alexsmobs:centipede_head":1,"minecraft:piglin_brute":5,"minecraft:piglin":15,"minecraft:pig":9,"minecraft:zombie_villager":1,"minecraft:creeper":14,"alexsmobs:crimson_mosquito":35,"minecraft:sheep":9,"minecraft:zombie":51,"minecraft:cow":6,"alexsmobs:dropbear":2,"minecraft:phantom":1,"minecraft:hoglin":7,"minecraft:enderman":2}},"DataVersion":2586}