{"stats":{"minecraft:custom":{"minecraft:mob_kills":88,"minecraft:interact_with_crafting_table":47,"minecraft:leave_game":1,"minecraft:time_since_death":25792,"minecraft:climb_one_cm":1139,"minecraft:sprint_one_cm":299131,"minecraft:walk_one_cm":497503,"minecraft:drop":65,"minecraft:deaths":3,"minecraft:sneak_time":26687,"minecraft:walk_under_water_one_cm":6522,"minecraft:boat_one_cm":95095,"minecraft:jump":2451,"minecraft:walk_on_water_one_cm":12666,"minecraft:interact_with_furnace":83,"minecraft:play_one_minute":191055,"minecraft:time_since_rest":25856,"minecraft:damage_taken":1735,"minecraft:damage_absorbed":54,"minecraft:damage_dealt":12224,"minecraft:swim_one_cm":84792,"minecraft:fly_one_cm":351358,"minecraft:open_chest":33,"minecraft:crouch_one_cm":73190,"minecraft:fall_one_cm":54728},"minecraft:broken":{"minecraft:stone_pickaxe":1,"minecraft:iron_pickaxe":7},"minecraft:picked_up":{"minecraft:crafting_table":14,"minecraft:chicken":9,"minecraft:string":3,"minecraft:soul_soil":2,"minecraft:blackstone":5,"alexsmobs:blood_sac":11,"minecraft:beef":11,"minecraft:oak_boat":1,"minecraft:sugar_cane":17,"minecraft:iron_boots":2,"minecraft:furnace":7,"minecraft:torch":5,"minecraft:porkchop":18,"minecraft:diorite":7,"minecraft:redstone":4,"minecraft:arrow":7,"minecraft:weeping_vines":3,"minecraft:rotten_flesh":5,"minecraft:bone_block":28,"minecraft:obsidian":32,"minecraft:mutton":6,"minecraft:rail":6,"minecraft:white_wool":5,"minecraft:cobblestone":518,"minecraft:magma_block":29,"minecraft:feather":7,"minecraft:crimson_stem":24,"minecraft:andesite":14,"minecraft:leather":11,"minecraft:flint":2,"minecraft:crimson_fungus":5,"minecraft:oak_log":18,"minecraft:ancient_debris":2,"minecraft:nether_wart_block":2,"minecraft:gunpowder":1,"alexsmobs:mosquito_proboscis":1,"minecraft:dirt":20,"minecraft:bone":7,"minecraft:iron_ore":179,"minecraft:oak_planks":18,"minecraft:soul_sand":4,"minecraft:warped_fungus":2,"minecraft:cooked_porkchop":2,"minecraft:quartz":17,"minecraft:gravel":1,"minecraft:gold_ore":8,"minecraft:spider_eye":1,"minecraft:diamond":8,"minecraft:granite":11,"minecraft:warped_roots":1,"minecraft:netherrack":912,"minecraft:coal":702,"minecraft:crimson_roots":4,"minecraft:ender_pearl":1},"minecraft:mined":{"minecraft:diamond_ore":8,"minecraft:obsidian":32,"minecraft:granite":25,"minecraft:grass_block":6,"minecraft:crimson_roots":3,"minecraft:soul_soil":2,"minecraft:crimson_fungus":4,"minecraft:crimson_stem":24,"farmersdelight:wild_onions":2,"minecraft:weeping_vines_plant":1,"minecraft:magma_block":41,"minecraft:redstone_ore":1,"minecraft:furnace":8,"minecraft:nether_sprouts":1,"minecraft:iron_ore":181,"minecraft:fire":4,"minecraft:andesite":18,"minecraft:packed_ice":3,"minecraft:stone":613,"minecraft:bone_block":28,"dead_guys_untitled_deep_dark_:cold_sculk":6,"minecraft:blackstone":6,"minecraft:soul_sand":2,"minecraft:crimson_nylium":7,"minecraft:crafting_table":15,"minecraft:torch":2,"minecraft:warped_roots":1,"minecraft:nether_quartz_ore":31,"minecraft:cobblestone":45,"minecraft:sugar_cane":6,"minecraft:diorite":8,"minecraft:wall_torch":2,"minecraft:warped_nylium":2,"minecraft:nether_wart_block":2,"minecraft:warped_fungus":2,"minecraft:grass":4,"minecraft:oak_log":18,"minecraft:coal_ore":555,"minecraft:gravel":17,"minecraft:dirt":24,"minecraft:netherrack":1008,"minecraft:ancient_debris":2,"minecraft:gold_ore":8,"minecraft:oak_leaves":3,"minecraft:infested_stone":5},"minecraft:dropped":{"minecraft:crimson_planks":25,"minecraft:golden_boots":1,"minecraft:soul_sand":1,"minecraft:weeping_vines":3,"minecraft:feather":2,"minecraft:cobblestone":40,"minecraft:warped_roots":1,"minecraft:granite":11,"minecraft:rail":6,"minecraft:coal":25,"minecraft:dirt":11,"minecraft:diorite":6,"minecraft:nether_wart_block":2,"minecraft:crimson_roots":4,"minecraft:wooden_axe":1,"minecraft:string":3,"minecraft:bone":2,"minecraft:gravel":1,"minecraft:crimson_fungus":3,"minecraft:soul_soil":1,"alexsmobs:animal_dictionary":1,"minecraft:rotten_flesh":3,"minecraft:iron_boots":2,"alexsmobs:blood_sac":10,"minecraft:gunpowder":1,"minecraft:andesite":6,"minecraft:oak_boat":1,"minecraft:iron_ore":7,"minecraft:arrow":1,"minecraft:wooden_pickaxe":1,"minecraft:netherrack":549,"alexsmobs:mosquito_proboscis":1},"minecraft:crafted":{"minecraft:oak_planks":72,"minecraft:cooked_chicken":9,"minecraft:furnace":4,"minecraft:cooked_mutton":6,"minecraft:flint_and_steel":1,"minecraft:iron_boots":1,"minecraft:iron_axe":1,"minecraft:stone_pickaxe":1,"minecraft:chest":2,"minecraft:golden_boots":1,"minecraft:cooked_beef":11,"minecraft:coal_block":56,"minecraft:crimson_planks":96,"minecraft:diamond_sword":1,"minecraft:cooked_porkchop":16,"minecraft:crafting_table":3,"minecraft:wooden_pickaxe":1,"minecraft:iron_helmet":1,"minecraft:bowl":4,"minecraft:bucket":2,"minecraft:stone_axe":1,"minecraft:air":0,"minecraft:oak_boat":1,"minecraft:iron_chestplate":1,"minecraft:book":1,"minecraft:paper":15,"minecraft:diamond_pickaxe":1,"minecraft:shield":1,"minecraft:stick":72,"minecraft:iron_ingot":172,"minecraft:iron_pickaxe":10,"minecraft:wooden_axe":1,"minecraft:iron_block":12,"minecraft:iron_leggings":1,"minecraft:gold_ingot":8,"minecraft:white_bed":1,"farmersdelight:nether_salad":2,"minecraft:torch":44},"minecraft:used":{"minecraft:flint_and_steel":1,"minecraft:chest":2,"minecraft:shield":43,"minecraft:cooked_chicken":9,"minecraft:rotten_flesh":2,"minecraft:netherrack":236,"farmersdelight:nether_salad":2,"minecraft:torch":71,"minecraft:dirt":9,"minecraft:obsidian":9,"minecraft:wooden_axe":15,"minecraft:iron_axe":95,"minecraft:furnace":8,"minecraft:cooked_mutton":6,"minecraft:water_bucket":14,"minecraft:diorite":1,"minecraft:stone_pickaxe":130,"minecraft:wooden_pickaxe":10,"minecraft:golden_apple":2,"minecraft:crafting_table":16,"minecraft:white_bed":1,"minecraft:diamond_pickaxe":579,"minecraft:iron_pickaxe":1938,"minecraft:stone_axe":31,"minecraft:diamond_sword":124,"minecraft:cobblestone":252,"minecraft:porkchop":2,"minecraft:cooked_porkchop":2,"minecraft:andesite":7,"minecraft:bucket":15,"minecraft:oak_boat":1,"alexsmobs:animal_dictionary":1},"minecraft:killed_by":{"alexsmobs:crimson_mosquito":1},"minecraft:killed":{"alexsmobs:dropbear":1,"minecraft:cave_spider":2,"minecraft:spider":3,"minecraft:skeleton":5,"minecraft:chicken":9,"minecraft:silverfish":5,"minecraft:piglin":2,"minecraft:pig":4,"minecraft:hoglin":5,"minecraft:creeper":3,"alexsmobs:crimson_mosquito":26,"minecraft:sheep":5,"minecraft:zombie":11,"minecraft:cow":6}},"DataVersion":2586}