{"stats":{"minecraft:custom":{"minecraft:interact_with_furnace":47,"minecraft:mob_kills":33,"minecraft:interact_with_crafting_table":22,"minecraft:play_one_minute":77549,"minecraft:time_since_death":77549,"minecraft:time_since_rest":77549,"minecraft:sprint_one_cm":132488,"minecraft:damage_taken":266,"minecraft:walk_one_cm":239405,"minecraft:drop":13,"minecraft:damage_dealt":5159,"minecraft:swim_one_cm":571,"minecraft:fly_one_cm":93907,"minecraft:open_chest":2,"minecraft:crouch_one_cm":18135,"minecraft:sneak_time":10155,"minecraft:walk_under_water_one_cm":2207,"minecraft:boat_one_cm":95095,"minecraft:jump":769,"minecraft:walk_on_water_one_cm":6726,"minecraft:fall_one_cm":11734},"minecraft:mined":{"minecraft:diamond_ore":8,"minecraft:obsidian":21,"minecraft:crafting_table":13,"minecraft:torch":2,"minecraft:granite":25,"minecraft:grass_block":5,"minecraft:cobblestone":43,"minecraft:diorite":3,"minecraft:wall_torch":2,"minecraft:redstone_ore":1,"minecraft:furnace":5,"minecraft:iron_ore":166,"minecraft:andesite":17,"minecraft:grass":2,"minecraft:oak_log":18,"minecraft:coal_ore":429,"minecraft:gravel":15,"minecraft:dirt":23,"minecraft:stone":515,"minecraft:gold_ore":8,"dead_guys_untitled_deep_dark_:cold_sculk":5,"minecraft:oak_leaves":2,"minecraft:infested_stone":5},"minecraft:used":{"minecraft:cooked_mutton":6,"minecraft:water_bucket":13,"minecraft:diorite":1,"minecraft:stone_pickaxe":130,"minecraft:wooden_pickaxe":10,"minecraft:shield":33,"minecraft:cooked_chicken":3,"minecraft:torch":71,"minecraft:dirt":9,"minecraft:crafting_table":13,"minecraft:obsidian":7,"minecraft:wooden_axe":15,"minecraft:diamond_pickaxe":22,"minecraft:iron_axe":45,"minecraft:iron_pickaxe":1103,"minecraft:stone_axe":31,"minecraft:cobblestone":167,"minecraft:furnace":7,"minecraft:bucket":15,"minecraft:andesite":7,"alexsmobs:animal_dictionary":1,"minecraft:oak_boat":1},"minecraft:dropped":{"alexsmobs:animal_dictionary":1,"minecraft:feather":2,"minecraft:cobblestone":39,"minecraft:rail":6,"minecraft:dirt":11,"minecraft:gunpowder":1,"minecraft:diorite":1,"minecraft:andesite":6,"minecraft:wooden_axe":1,"minecraft:wooden_pickaxe":1,"minecraft:string":3},"minecraft:picked_up":{"minecraft:crafting_table":12,"minecraft:feather":2,"minecraft:chicken":4,"minecraft:andesite":13,"minecraft:flint":2,"minecraft:oak_log":18,"minecraft:gunpowder":1,"minecraft:dirt":20,"minecraft:string":3,"minecraft:bone":5,"minecraft:oak_boat":1,"minecraft:iron_ore":164,"minecraft:oak_planks":3,"minecraft:furnace":4,"minecraft:torch":5,"minecraft:diorite":2,"minecraft:redstone":4,"minecraft:gold_ore":8,"minecraft:spider_eye":1,"minecraft:arrow":6,"minecraft:rotten_flesh":4,"minecraft:diamond":8,"minecraft:granite":11,"minecraft:obsidian":21,"minecraft:mutton":6,"minecraft:coal":472,"minecraft:white_wool":5,"minecraft:rail":6,"minecraft:cobblestone":421,"minecraft:ender_pearl":1},"minecraft:broken":{"minecraft:stone_pickaxe":1,"minecraft:iron_pickaxe":4},"minecraft:killed":{"minecraft:cave_spider":2,"minecraft:spider":2,"minecraft:creeper":3,"minecraft:sheep":5,"minecraft:skeleton":4,"minecraft:zombie":7,"minecraft:chicken":4,"minecraft:silverfish":5},"minecraft:crafted":{"minecraft:coal_block":38,"minecraft:oak_planks":72,"minecraft:crafting_table":2,"minecraft:cooked_chicken":4,"minecraft:wooden_pickaxe":1,"minecraft:iron_helmet":1,"minecraft:furnace":3,"minecraft:bucket":2,"minecraft:stone_axe":1,"minecraft:cooked_mutton":6,"minecraft:air":0,"minecraft:oak_boat":1,"minecraft:iron_chestplate":1,"minecraft:iron_boots":1,"minecraft:diamond_pickaxe":1,"minecraft:shield":1,"minecraft:iron_axe":1,"minecraft:stick":48,"minecraft:iron_ingot":93,"minecraft:iron_pickaxe":5,"minecraft:stone_pickaxe":1,"minecraft:wooden_axe":1,"minecraft:iron_leggings":1,"minecraft:white_bed":1,"minecraft:torch":44}},"DataVersion":2586}