{"stats":{"minecraft:killed":{"alexsmobs:lobster":2,"minecraft:pig":3,"minecraft:spider":2,"minecraft:creeper":3,"minecraft:sheep":3,"minecraft:skeleton":2,"minecraft:zombie":1,"minecraft:drowned":1},"minecraft:mined":{"minecraft:crafting_table":3,"minecraft:granite":10,"minecraft:grass_block":4,"minecraft:tall_grass":4,"minecraft:cobblestone":4,"minecraft:birch_slab":4,"minecraft:wall_torch":2,"minecraft:furnace":1,"minecraft:birch_log":11,"minecraft:iron_ore":14,"minecraft:birch_trapdoor":1,"minecraft:stripped_oak_wood":1,"minecraft:fletching_table":2,"minecraft:grass":8,"minecraft:oak_log":7,"minecraft:coal_ore":38,"minecraft:sand":137,"minecraft:dirt":66,"minecraft:packed_ice":1,"minecraft:stone":271,"minecraft:white_wool":4},"minecraft:crafted":{"minecraft:oak_planks":32,"minecraft:wooden_shovel":1,"minecraft:stone_shovel":1,"minecraft:cooked_porkchop":4,"minecraft:wooden_pickaxe":1,"minecraft:birch_slab":6,"minecraft:furnace":1,"minecraft:birch_planks":24,"minecraft:stone_axe":1,"minecraft:cooked_mutton":2,"minecraft:air":0,"minecraft:iron_chestplate":1,"minecraft:stick":20,"minecraft:iron_ingot":11,"minecraft:wooden_axe":1,"minecraft:stone_pickaxe":3,"minecraft:birch_trapdoor":2,"minecraft:chest":2,"minecraft:torch":8},"minecraft:used":{"minecraft:cooked_mutton":2,"minecraft:stone_pickaxe":295,"minecraft:stone_shovel":114,"minecraft:chest":2,"minecraft:wooden_pickaxe":57,"minecraft:wooden_shovel":59,"minecraft:fletching_table":2,"minecraft:rotten_flesh":2,"minecraft:white_wool":6,"minecraft:torch":13,"minecraft:dirt":31,"minecraft:sand":12,"minecraft:mutton":3,"minecraft:crafting_table":3,"minecraft:black_bed":1,"minecraft:wooden_axe":39,"minecraft:birch_slab":8,"carryon:entity_item":1,"minecraft:stone_axe":41,"minecraft:birch_trapdoor":1,"minecraft:cobblestone":23,"minecraft:furnace":2,"minecraft:cooked_porkchop":4},"minecraft:picked_up":{"minecraft:birch_log":11,"minecraft:crafting_table":3,"minecraft:birch_slab":3,"minecraft:oak_log":7,"minecraft:gunpowder":4,"minecraft:dirt":81,"minecraft:string":1,"minecraft:bone":3,"minecraft:wheat_seeds":5,"minecraft:iron_ore":14,"minecraft:stripped_oak_wood":1,"minecraft:fletching_table":2,"minecraft:oak_planks":1,"minecraft:furnace":1,"minecraft:birch_trapdoor":1,"minecraft:torch":6,"minecraft:porkchop":4,"minecraft:sand":143,"minecraft:ink_sac":3,"minecraft:diorite":1,"minecraft:spider_eye":1,"minecraft:arrow":1,"minecraft:rotten_flesh":4,"minecraft:granite":10,"minecraft:black_wool":1,"minecraft:mutton":5,"minecraft:coal":38,"alexsmobs:lobster_tail":2,"minecraft:white_wool":6,"minecraft:cobblestone":277},"minecraft:custom":{"minecraft:interact_with_furnace":11,"minecraft:mob_kills":17,"minecraft:interact_with_crafting_table":24,"minecraft:play_one_minute":130312,"minecraft:leave_game":5,"minecraft:time_since_death":33815,"minecraft:sleep_in_bed":3,"minecraft:climb_one_cm":1332,"minecraft:time_since_rest":33847,"minecraft:sprint_one_cm":145666,"minecraft:damage_taken":569,"minecraft:walk_one_cm":157555,"minecraft:damage_dealt":2450,"minecraft:swim_one_cm":23701,"minecraft:fly_one_cm":176792,"minecraft:open_chest":5,"minecraft:crouch_one_cm":9382,"minecraft:deaths":1,"minecraft:sneak_time":3594,"minecraft:walk_under_water_one_cm":21568,"minecraft:jump":929,"minecraft:walk_on_water_one_cm":32826,"minecraft:fall_one_cm":21932},"minecraft:broken":{"minecraft:stone_pickaxe":2,"minecraft:wooden_shovel":1,"minecraft:wooden_axe":1,"minecraft:wooden_pickaxe":1}},"DataVersion":2586}