{"stats":{"minecraft:custom":{"minecraft:interact_with_furnace":8,"minecraft:mob_kills":7,"minecraft:interact_with_crafting_table":19,"minecraft:play_one_minute":73198,"minecraft:leave_game":1,"minecraft:time_since_death":73198,"minecraft:sleep_in_bed":3,"minecraft:climb_one_cm":1332,"minecraft:time_since_rest":0,"minecraft:sprint_one_cm":103192,"minecraft:damage_taken":260,"minecraft:walk_one_cm":87569,"minecraft:damage_dealt":940,"minecraft:swim_one_cm":17955,"minecraft:fly_one_cm":143061,"minecraft:open_chest":3,"minecraft:crouch_one_cm":7270,"minecraft:sneak_time":2672,"minecraft:walk_under_water_one_cm":7519,"minecraft:jump":647,"minecraft:walk_on_water_one_cm":11538,"minecraft:fall_one_cm":16171},"minecraft:picked_up":{"minecraft:birch_log":6,"minecraft:crafting_table":3,"minecraft:oak_log":7,"minecraft:gunpowder":4,"minecraft:dirt":60,"minecraft:wheat_seeds":4,"minecraft:iron_ore":6,"minecraft:stripped_oak_wood":1,"minecraft:fletching_table":2,"minecraft:oak_planks":1,"minecraft:furnace":1,"minecraft:torch":4,"minecraft:porkchop":2,"minecraft:sand":135,"minecraft:ink_sac":3,"minecraft:rotten_flesh":2,"minecraft:black_wool":1,"minecraft:mutton":5,"minecraft:coal":7,"minecraft:white_wool":6,"minecraft:cobblestone":236},"minecraft:broken":{"minecraft:stone_pickaxe":1,"minecraft:wooden_shovel":1,"minecraft:wooden_axe":1,"minecraft:wooden_pickaxe":1},"minecraft:mined":{"minecraft:crafting_table":3,"minecraft:grass_block":4,"minecraft:tall_grass":4,"minecraft:cobblestone":3,"minecraft:furnace":1,"minecraft:birch_log":6,"minecraft:iron_ore":6,"minecraft:stripped_oak_wood":1,"minecraft:fletching_table":2,"minecraft:grass":4,"minecraft:oak_log":7,"minecraft:coal_ore":7,"minecraft:sand":129,"minecraft:dirt":45,"minecraft:packed_ice":1,"minecraft:stone":233,"minecraft:white_wool":4},"minecraft:crafted":{"minecraft:oak_planks":32,"minecraft:wooden_shovel":1,"minecraft:stone_shovel":1,"minecraft:cooked_porkchop":2,"minecraft:wooden_pickaxe":1,"minecraft:furnace":1,"minecraft:birch_planks":24,"minecraft:stone_axe":1,"minecraft:cooked_mutton":2,"minecraft:air":0,"minecraft:stick":16,"minecraft:wooden_axe":1,"minecraft:stone_pickaxe":2,"minecraft:birch_trapdoor":2,"minecraft:chest":2,"minecraft:torch":4},"minecraft:used":{"minecraft:cooked_mutton":2,"minecraft:stone_pickaxe":200,"minecraft:stone_shovel":108,"minecraft:chest":2,"minecraft:wooden_pickaxe":57,"minecraft:fletching_table":2,"minecraft:wooden_shovel":59,"minecraft:white_wool":6,"minecraft:torch":5,"minecraft:dirt":19,"minecraft:sand":1,"minecraft:mutton":3,"minecraft:crafting_table":3,"minecraft:black_bed":1,"minecraft:wooden_axe":39,"carryon:entity_item":1,"minecraft:birch_trapdoor":1,"minecraft:cobblestone":9,"minecraft:furnace":2,"minecraft:cooked_porkchop":2},"minecraft:killed":{"minecraft:pig":1,"minecraft:creeper":2,"minecraft:sheep":3,"minecraft:zombie":1}},"DataVersion":2586}