{"stats":{"minecraft:custom":{"minecraft:mob_kills":105,"minecraft:animals_bred":2,"minecraft:interact_with_crafting_table":60,"minecraft:leave_game":5,"minecraft:time_since_death":68,"minecraft:climb_one_cm":2446,"minecraft:sprint_one_cm":504843,"minecraft:walk_one_cm":346126,"minecraft:drop":50,"minecraft:sneak_time":7842,"minecraft:deaths":3,"minecraft:walk_under_water_one_cm":16959,"minecraft:boat_one_cm":349960,"minecraft:jump":2756,"minecraft:walk_on_water_one_cm":37205,"minecraft:interact_with_furnace":73,"minecraft:play_one_minute":185743,"minecraft:time_since_rest":102,"minecraft:damage_taken":3224,"minecraft:damage_dealt":16454,"minecraft:swim_one_cm":56494,"minecraft:fly_one_cm":494552,"minecraft:open_chest":24,"minecraft:crouch_one_cm":29656,"minecraft:fall_one_cm":73552},"minecraft:broken":{"minecraft:iron_boots":1,"minecraft:iron_chestplate":1,"minecraft:iron_leggings":1,"minecraft:stone_pickaxe":1,"minecraft:iron_pickaxe":4,"minecraft:iron_helmet":1},"minecraft:picked_up":{"minecraft:crafting_table":16,"minecraft:azure_bluet":2,"minecraft:chicken":8,"minecraft:wooden_pickaxe":1,"dead_guys_untitled_deep_dark_:dahlia_petal":1,"minecraft:string":2,"minecraft:cracked_stone_bricks":1,"alexsmobs:blood_sac":2,"minecraft:bucket":1,"minecraft:beef":18,"minecraft:oak_boat":2,"alexsmobs:raccoon_tail":2,"minecraft:chest":1,"minecraft:furnace":2,"minecraft:egg":2,"minecraft:oak_fence":3,"dead_guys_untitled_deep_dark_:cold_deep_stone":5,"minecraft:torch":2,"minecraft:porkchop":13,"minecraft:diorite":5,"minecraft:carrot":13,"minecraft:redstone":4,"alexsmobs:centipede_leg":1,"minecraft:dark_oak_planks":12,"minecraft:arrow":17,"minecraft:rotten_flesh":27,"minecraft:mutton":14,"minecraft:rail":5,"minecraft:cod":3,"exoticbirds:raw_birdmeat":20,"minecraft:white_wool":8,"minecraft:cobblestone":410,"minecraft:feather":21,"minecraft:andesite":14,"minecraft:water_bucket":1,"minecraft:salmon":1,"minecraft:leather":9,"minecraft:dark_oak_boat":6,"minecraft:potato":1,"minecraft:flint":2,"minecraft:oak_log":18,"minecraft:gunpowder":2,"minecraft:dirt":124,"minecraft:bone":14,"minecraft:bow":2,"minecraft:wheat_seeds":1,"alexsmobs:cockroach_wing_fragment":2,"minecraft:iron_ingot":4,"minecraft:iron_ore":151,"minecraft:mossy_stone_bricks":1,"minecraft:oak_planks":93,"minecraft:warped_fungus":1,"minecraft:cooked_porkchop":5,"minecraft:quartz":36,"minecraft:gravel":17,"minecraft:sand":49,"minecraft:ink_sac":9,"minecraft:gold_ore":4,"minecraft:dark_oak_log":7,"minecraft:diamond":12,"minecraft:granite":53,"minecraft:gray_wool":1,"minecraft:emerald":3,"minecraft:oak_sapling":4,"minecraft:black_wool":1,"minecraft:netherrack":420,"minecraft:coal":139},"minecraft:mined":{"minecraft:diamond_ore":12,"minecraft:dark_oak_log":7,"minecraft:granite":61,"minecraft:grass_block":35,"minecraft:redstone_ore":1,"minecraft:furnace":2,"minecraft:carrots":4,"minecraft:iron_ore":133,"dead_guys_untitled_deep_dark_:cold_deep_stone":10,"minecraft:andesite":14,"minecraft:azure_bluet":2,"dead_guys_untitled_deep_dark_:generate_dead_sculk_veins":1,"minecraft:stone":414,"minecraft:crimson_nylium":2,"minecraft:crafting_table":16,"minecraft:emerald_ore":3,"minecraft:chest":1,"minecraft:nether_quartz_ore":21,"minecraft:tall_grass":4,"minecraft:cobblestone":23,"minecraft:oak_planks":13,"minecraft:diorite":6,"minecraft:wall_torch":1,"minecraft:warped_nylium":17,"dead_guys_untitled_deep_dark_:deep_flower":1,"minecraft:warped_fungus":1,"minecraft:grass":16,"minecraft:oak_log":18,"minecraft:coal_ore":132,"minecraft:gravel":19,"minecraft:sand":73,"minecraft:dirt":95,"minecraft:cobweb":4,"minecraft:cracked_stone_bricks":1,"minecraft:netherrack":512,"minecraft:mossy_stone_bricks":1,"minecraft:gold_ore":4},"minecraft:dropped":{"minecraft:water_bucket":1,"minecraft:wheat_seeds":1,"minecraft:lapis_lazuli":6,"minecraft:warped_fungus":1,"dead_guys_untitled_deep_dark_:cold_deep_stone":5,"minecraft:feather":14,"minecraft:cobblestone":136,"minecraft:leather":9,"minecraft:granite":11,"minecraft:cracked_stone_bricks":1,"minecraft:rail":5,"minecraft:lava_bucket":1,"minecraft:dirt":4,"minecraft:ink_sac":9,"minecraft:mutton":1,"minecraft:string":2,"alexsmobs:raccoon_tail":2,"minecraft:white_wool":1,"minecraft:redstone":4,"minecraft:gravel":11,"alexsmobs:animal_dictionary":1,"minecraft:stone_shovel":1,"minecraft:rotten_flesh":12,"minecraft:azure_bluet":2,"alexsmobs:cockroach_wing_fragment":2,"minecraft:andesite":3,"minecraft:mossy_stone_bricks":1,"minecraft:oak_sapling":3,"minecraft:arrow":1,"minecraft:bow":1,"minecraft:stone_pickaxe":1,"minecraft:quartz":15,"minecraft:black_wool":1},"minecraft:crafted":{"minecraft:oak_planks":72,"minecraft:stone_shovel":2,"minecraft:dark_oak_boat":1,"minecraft:cooked_chicken":8,"minecraft:furnace":11,"minecraft:cooked_mutton":10,"minecraft:flint_and_steel":2,"minecraft:iron_boots":2,"minecraft:iron_axe":1,"minecraft:stone_pickaxe":3,"minecraft:chest":1,"minecraft:dark_oak_planks":28,"minecraft:cooked_beef":8,"minecraft:cooked_cod":2,"minecraft:diamond_sword":1,"minecraft:cooked_porkchop":6,"minecraft:crafting_table":9,"minecraft:wooden_pickaxe":1,"minecraft:iron_helmet":1,"minecraft:iron_sword":1,"minecraft:cooked_salmon":1,"minecraft:bucket":6,"minecraft:air":0,"minecraft:oak_boat":1,"minecraft:iron_chestplate":1,"minecraft:diamond_pickaxe":1,"minecraft:shield":1,"minecraft:stick":60,"minecraft:iron_ingot":93,"minecraft:iron_pickaxe":5,"minecraft:stone_sword":1,"exoticbirds:cooked_birdmeat":20,"minecraft:iron_leggings":1,"minecraft:torch":76},"minecraft:used":{"minecraft:stone_sword":34,"minecraft:flint_and_steel":1,"minecraft:stone_shovel":175,"minecraft:chest":1,"minecraft:shield":21,"minecraft:iron_sword":206,"minecraft:cooked_salmon":1,"minecraft:cooked_chicken":4,"minecraft:rotten_flesh":13,"minecraft:netherrack":375,"minecraft:torch":59,"minecraft:dirt":106,"minecraft:mutton":2,"minecraft:carrot":10,"minecraft:granite":1,"minecraft:lava_bucket":9,"minecraft:iron_axe":42,"minecraft:dark_oak_boat":7,"minecraft:furnace":13,"minecraft:cooked_cod":8,"minecraft:egg":2,"minecraft:cooked_beef":8,"minecraft:potato":1,"minecraft:cooked_mutton":3,"minecraft:water_bucket":23,"minecraft:diorite":3,"minecraft:stone_pickaxe":218,"minecraft:wooden_pickaxe":12,"minecraft:crafting_table":23,"minecraft:cod":1,"minecraft:diamond_pickaxe":126,"minecraft:iron_pickaxe":1016,"minecraft:diamond_sword":165,"minecraft:cobblestone":110,"minecraft:cooked_porkchop":11,"minecraft:andesite":10,"minecraft:bucket":38,"minecraft:oak_boat":2,"alexsmobs:animal_dictionary":1},"minecraft:killed_by":{"minecraft:skeleton":1},"minecraft:killed":{"alexsmobs:dropbear":1,"exoticbirds:cassowary":1,"alexsmobs:raccoon":2,"minecraft:spider":1,"exoticbirds:crane":1,"minecraft:horse":1,"minecraft:skeleton":13,"exoticbirds:heron":5,"minecraft:chicken":8,"alexsmobs:centipede_head":1,"minecraft:drowned":2,"minecraft:pig":7,"minecraft:zombie_villager":1,"minecraft:iron_golem":1,"alexsmobs:crimson_mosquito":2,"alexsmobs:warped_toad":1,"minecraft:sheep":10,"minecraft:zombie":31,"minecraft:donkey":1,"alexsmobs:cockroach":2,"exoticbirds:pigeon":4,"minecraft:cow":8,"minecraft:enderman":3}},"DataVersion":2586}