{"stats":{"minecraft:custom":{"minecraft:mob_kills":137,"minecraft:animals_bred":2,"minecraft:interact_with_crafting_table":83,"minecraft:leave_game":9,"minecraft:time_since_death":22942,"minecraft:climb_one_cm":2446,"minecraft:sprint_one_cm":739820,"minecraft:walk_one_cm":494390,"minecraft:drop":91,"minecraft:sneak_time":9220,"minecraft:deaths":7,"minecraft:walk_under_water_one_cm":23836,"minecraft:boat_one_cm":464035,"minecraft:jump":3834,"minecraft:walk_on_water_one_cm":52672,"minecraft:interact_with_furnace":92,"minecraft:play_one_minute":272617,"minecraft:sleep_in_bed":1,"minecraft:time_since_rest":23120,"minecraft:damage_taken":5108,"minecraft:damage_dealt":22318,"minecraft:swim_one_cm":70962,"minecraft:fly_one_cm":693749,"minecraft:open_chest":58,"minecraft:crouch_one_cm":31668,"minecraft:fall_one_cm":94208},"minecraft:broken":{"minecraft:iron_boots":2,"minecraft:iron_chestplate":1,"minecraft:iron_leggings":1,"minecraft:stone_pickaxe":1,"minecraft:iron_pickaxe":4,"minecraft:iron_helmet":1},"minecraft:picked_up":{"minecraft:crafting_table":18,"minecraft:azure_bluet":2,"minecraft:chicken":8,"minecraft:clay_ball":44,"minecraft:diamond_sword":1,"minecraft:wooden_pickaxe":1,"dead_guys_untitled_deep_dark_:dahlia_petal":1,"minecraft:nether_brick":2,"minecraft:string":70,"alexsmobs:dropbear_claw":2,"minecraft:cracked_stone_bricks":1,"alexsmobs:blood_sac":3,"minecraft:bucket":1,"minecraft:beef":18,"minecraft:oak_boat":2,"alexsmobs:raccoon_tail":2,"minecraft:chest":1,"minecraft:iron_boots":1,"minecraft:furnace":2,"minecraft:egg":2,"minecraft:oak_fence":4,"dead_guys_untitled_deep_dark_:cold_deep_stone":5,"minecraft:torch":3,"minecraft:porkchop":20,"minecraft:diorite":8,"minecraft:carrot":13,"minecraft:redstone":4,"alexsmobs:centipede_leg":1,"minecraft:dark_oak_planks":12,"minecraft:arrow":21,"minecraft:rotten_flesh":29,"minecraft:gold_ingot":7,"minecraft:obsidian":8,"minecraft:mutton":14,"minecraft:rail":5,"minecraft:cod":3,"exoticbirds:raw_birdmeat":20,"minecraft:white_wool":8,"minecraft:cobblestone":536,"minecraft:oxeye_daisy":4,"minecraft:feather":21,"minecraft:water_bucket":1,"minecraft:andesite":14,"minecraft:salmon":1,"minecraft:leather":12,"minecraft:dark_oak_boat":8,"minecraft:potato":1,"minecraft:flint":2,"minecraft:oak_log":18,"minecraft:gunpowder":2,"minecraft:dirt":131,"minecraft:bone":19,"minecraft:bow":2,"minecraft:wheat_seeds":1,"alexsmobs:cockroach_wing_fragment":2,"minecraft:heart_of_the_sea":1,"minecraft:iron_ingot":31,"minecraft:iron_ore":151,"minecraft:mossy_stone_bricks":1,"minecraft:oak_planks":100,"minecraft:warped_fungus":1,"minecraft:cooked_porkchop":5,"minecraft:quartz":36,"minecraft:gravel":81,"minecraft:sand":75,"minecraft:ink_sac":9,"minecraft:white_bed":1,"minecraft:gold_ore":4,"minecraft:spectral_arrow":9,"minecraft:dark_oak_log":11,"minecraft:spider_eye":2,"minecraft:white_concrete_powder":1,"minecraft:diamond":12,"minecraft:iron_helmet":1,"minecraft:granite":56,"minecraft:white_concrete":13,"minecraft:gray_wool":1,"minecraft:emerald":3,"minecraft:oak_sapling":4,"minecraft:netherrack":420,"minecraft:black_wool":1,"minecraft:coal":139,"minecraft:ender_pearl":1},"minecraft:mined":{"minecraft:diamond_ore":12,"minecraft:white_bed":1,"minecraft:dark_oak_log":11,"minecraft:obsidian":8,"minecraft:granite":64,"minecraft:grass_block":36,"minecraft:white_concrete":15,"minecraft:oxeye_daisy":4,"minecraft:white_concrete_powder":2,"minecraft:spawner":1,"minecraft:redstone_ore":1,"minecraft:carrots":4,"minecraft:furnace":2,"minecraft:iron_ore":133,"dead_guys_untitled_deep_dark_:cold_deep_stone":10,"minecraft:andesite":20,"minecraft:azure_bluet":2,"dead_guys_untitled_deep_dark_:generate_dead_sculk_veins":1,"minecraft:stone":539,"dead_guys_untitled_deep_dark_:cold_sculk":6,"minecraft:crimson_nylium":2,"minecraft:clay":11,"minecraft:crafting_table":18,"minecraft:emerald_ore":3,"minecraft:chest":1,"minecraft:nether_quartz_ore":21,"minecraft:tall_grass":4,"minecraft:cobblestone":37,"minecraft:oak_planks":13,"minecraft:diorite":12,"minecraft:wall_torch":2,"minecraft:warped_nylium":17,"dead_guys_untitled_deep_dark_:deep_flower":1,"minecraft:warped_fungus":1,"minecraft:grass":20,"minecraft:coal_ore":132,"minecraft:oak_log":18,"minecraft:sand":107,"minecraft:gravel":50,"minecraft:dirt":101,"minecraft:cobweb":76,"minecraft:cracked_stone_bricks":1,"minecraft:netherrack":512,"minecraft:gold_ore":4,"minecraft:mossy_stone_bricks":1,"minecraft:infested_stone":1},"minecraft:dropped":{"minecraft:enchanted_book":1,"minecraft:water_bucket":1,"minecraft:gold_ore":4,"minecraft:clay":11,"minecraft:lapis_lazuli":6,"minecraft:wheat_seeds":1,"minecraft:warped_fungus":1,"dead_guys_untitled_deep_dark_:cold_deep_stone":5,"minecraft:iron_helmet":2,"minecraft:oak_fence":1,"minecraft:feather":14,"minecraft:cobblestone":136,"minecraft:leather":12,"minecraft:granite":54,"minecraft:cracked_stone_bricks":1,"minecraft:rail":5,"minecraft:stick":2,"minecraft:lava_bucket":1,"minecraft:dirt":9,"minecraft:diorite":3,"minecraft:ink_sac":9,"minecraft:mutton":1,"minecraft:white_concrete":13,"minecraft:heart_of_the_sea":1,"minecraft:string":2,"alexsmobs:raccoon_tail":2,"minecraft:white_wool":5,"minecraft:redstone":4,"minecraft:bone":2,"minecraft:gold_ingot":14,"minecraft:gravel":53,"alexsmobs:animal_dictionary":1,"minecraft:obsidian":1,"minecraft:stone_shovel":1,"minecraft:rotten_flesh":15,"minecraft:oak_planks":6,"minecraft:azure_bluet":2,"minecraft:diamond_sword":1,"alexsmobs:blood_sac":2,"alexsmobs:cockroach_wing_fragment":2,"minecraft:andesite":3,"minecraft:mossy_stone_bricks":1,"minecraft:oak_sapling":3,"minecraft:white_dye":7,"minecraft:arrow":1,"minecraft:bow":1,"minecraft:stone_pickaxe":1,"minecraft:quartz":15,"minecraft:netherrack":41,"minecraft:black_wool":1},"minecraft:crafted":{"minecraft:light_gray_concrete_powder":16,"minecraft:oak_planks":72,"minecraft:stone_shovel":2,"minecraft:dark_oak_boat":2,"minecraft:cooked_chicken":8,"minecraft:furnace":11,"minecraft:bone_meal":9,"minecraft:diamond_shovel":1,"minecraft:cooked_mutton":10,"minecraft:flint_and_steel":2,"minecraft:white_concrete_powder":16,"minecraft:bow":1,"minecraft:iron_boots":3,"minecraft:iron_axe":1,"minecraft:stone_pickaxe":3,"minecraft:chest":1,"minecraft:dark_oak_planks":44,"minecraft:cooked_beef":18,"minecraft:cooked_cod":2,"minecraft:diamond_sword":1,"minecraft:cooked_porkchop":6,"minecraft:crafting_table":9,"minecraft:iron_helmet":3,"minecraft:wooden_pickaxe":1,"minecraft:iron_sword":1,"minecraft:cooked_salmon":1,"minecraft:bucket":6,"minecraft:air":0,"minecraft:oak_boat":1,"minecraft:iron_chestplate":2,"minecraft:diamond_pickaxe":1,"minecraft:shield":1,"minecraft:white_dye":9,"minecraft:stick":64,"minecraft:iron_ingot":125,"minecraft:iron_pickaxe":5,"minecraft:stone_sword":1,"exoticbirds:cooked_birdmeat":20,"minecraft:iron_leggings":2,"minecraft:light_gray_dye":4,"minecraft:white_bed":1,"minecraft:torch":100,"minecraft:clay":11},"minecraft:used":{"minecraft:oak_fence":3,"minecraft:stone_sword":34,"minecraft:flint_and_steel":2,"minecraft:stone_shovel":175,"minecraft:white_concrete_powder":17,"minecraft:chest":2,"minecraft:shield":33,"minecraft:iron_sword":206,"minecraft:cooked_salmon":1,"minecraft:cooked_chicken":6,"minecraft:rotten_flesh":13,"minecraft:netherrack":375,"minecraft:torch":85,"minecraft:dirt":106,"minecraft:mutton":2,"minecraft:carrot":10,"minecraft:granite":1,"minecraft:obsidian":7,"minecraft:lava_bucket":10,"minecraft:iron_axe":48,"minecraft:dark_oak_boat":9,"minecraft:furnace":13,"minecraft:cooked_cod":10,"minecraft:egg":2,"minecraft:cooked_beef":18,"minecraft:potato":1,"minecraft:cooked_mutton":3,"minecraft:water_bucket":43,"minecraft:diorite":3,"minecraft:stone_pickaxe":218,"minecraft:wooden_pickaxe":12,"minecraft:crafting_table":27,"minecraft:white_bed":1,"minecraft:cod":1,"minecraft:diamond_pickaxe":141,"minecraft:diamond_shovel":72,"minecraft:string":1,"minecraft:iron_pickaxe":1188,"exoticbirds:cooked_birdmeat":3,"minecraft:diamond_sword":377,"minecraft:cobblestone":172,"minecraft:cooked_porkchop":11,"minecraft:andesite":10,"minecraft:bucket":58,"minecraft:oak_boat":2,"alexsmobs:animal_dictionary":1},"minecraft:killed_by":{"minecraft:spider":1,"minecraft:skeleton":1},"minecraft:killed":{"exoticbirds:magpie":1,"alexsmobs:dropbear":2,"exoticbirds:cassowary":1,"minecraft:cave_spider":2,"alexsmobs:raccoon":2,"minecraft:spider":8,"minecraft:skeleton":19,"minecraft:horse":1,"exoticbirds:crane":1,"exoticbirds:heron":5,"minecraft:chicken":8,"alexsmobs:centipede_head":1,"minecraft:drowned":2,"minecraft:pig":11,"minecraft:zombie_villager":2,"minecraft:iron_golem":1,"alexsmobs:crimson_mosquito":2,"alexsmobs:warped_toad":1,"minecraft:sheep":10,"alexsmobs:cockroach":2,"minecraft:donkey":1,"minecraft:zombie":39,"exoticbirds:pigeon":4,"minecraft:enderman":5,"minecraft:cow":8}},"DataVersion":2586}