{"stats":{"minecraft:custom":{"minecraft:mob_kills":53,"minecraft:animals_bred":2,"minecraft:interact_with_crafting_table":39,"minecraft:leave_game":1,"minecraft:time_since_death":1624,"minecraft:climb_one_cm":2446,"minecraft:sprint_one_cm":296284,"minecraft:walk_one_cm":212713,"minecraft:drop":25,"minecraft:deaths":2,"minecraft:sneak_time":7632,"minecraft:walk_under_water_one_cm":1711,"minecraft:boat_one_cm":84432,"minecraft:jump":1583,"minecraft:walk_on_water_one_cm":14631,"minecraft:interact_with_furnace":54,"minecraft:play_one_minute":106158,"minecraft:time_since_rest":1659,"minecraft:damage_taken":1934,"minecraft:damage_dealt":9476,"minecraft:swim_one_cm":402,"minecraft:fly_one_cm":241451,"minecraft:open_chest":21,"minecraft:crouch_one_cm":29506,"minecraft:fall_one_cm":38336},"minecraft:used":{"minecraft:stone_sword":34,"minecraft:stone_shovel":47,"minecraft:chest":1,"minecraft:shield":17,"minecraft:iron_sword":206,"minecraft:rotten_flesh":7,"minecraft:cooked_chicken":4,"minecraft:netherrack":358,"minecraft:torch":33,"minecraft:dirt":67,"minecraft:carrot":10,"minecraft:granite":1,"minecraft:iron_axe":7,"minecraft:furnace":7,"minecraft:egg":2,"minecraft:potato":1,"minecraft:cooked_mutton":3,"minecraft:water_bucket":1,"minecraft:diorite":3,"minecraft:stone_pickaxe":38,"minecraft:wooden_pickaxe":12,"minecraft:crafting_table":13,"minecraft:diamond_pickaxe":126,"minecraft:iron_pickaxe":948,"minecraft:diamond_sword":30,"minecraft:cobblestone":72,"minecraft:cooked_porkchop":11,"minecraft:bucket":6,"alexsmobs:animal_dictionary":1},"minecraft:mined":{"minecraft:diamond_ore":9,"minecraft:granite":53,"minecraft:grass_block":18,"minecraft:redstone_ore":1,"minecraft:carrots":4,"minecraft:furnace":2,"minecraft:iron_ore":96,"dead_guys_untitled_deep_dark_:cold_deep_stone":10,"minecraft:andesite":4,"minecraft:azure_bluet":2,"minecraft:stone":262,"dead_guys_untitled_deep_dark_:generate_dead_sculk_veins":1,"minecraft:crimson_nylium":2,"minecraft:crafting_table":8,"minecraft:emerald_ore":3,"minecraft:tall_grass":2,"minecraft:nether_quartz_ore":21,"minecraft:cobblestone":20,"minecraft:diorite":6,"minecraft:warped_nylium":17,"dead_guys_untitled_deep_dark_:deep_flower":1,"minecraft:warped_fungus":1,"minecraft:grass":11,"minecraft:oak_log":13,"minecraft:coal_ore":112,"minecraft:gravel":2,"minecraft:dirt":51,"minecraft:cobweb":4,"minecraft:netherrack":499,"minecraft:gold_ore":4},"minecraft:dropped":{"minecraft:water_bucket":1,"minecraft:wheat_seeds":1,"minecraft:lapis_lazuli":6,"minecraft:warped_fungus":1,"dead_guys_untitled_deep_dark_:cold_deep_stone":5,"minecraft:feather":6,"minecraft:cobblestone":115,"minecraft:leather":3,"minecraft:granite":5,"minecraft:rail":5,"minecraft:lava_bucket":1,"minecraft:dirt":4,"minecraft:string":2,"minecraft:white_wool":1,"minecraft:redstone":4,"alexsmobs:animal_dictionary":1,"minecraft:rotten_flesh":11,"minecraft:azure_bluet":2,"alexsmobs:cockroach_wing_fragment":2,"minecraft:andesite":3,"minecraft:bow":1},"minecraft:killed_by":{"minecraft:skeleton":1},"minecraft:picked_up":{"minecraft:crafting_table":8,"minecraft:azure_bluet":2,"minecraft:chicken":4,"minecraft:wooden_pickaxe":1,"dead_guys_untitled_deep_dark_:dahlia_petal":1,"minecraft:string":2,"alexsmobs:blood_sac":2,"minecraft:bucket":1,"minecraft:egg":2,"minecraft:furnace":2,"dead_guys_untitled_deep_dark_:cold_deep_stone":5,"minecraft:porkchop":13,"minecraft:diorite":5,"minecraft:carrot":13,"minecraft:redstone":4,"alexsmobs:centipede_leg":1,"minecraft:arrow":12,"minecraft:rotten_flesh":18,"minecraft:mutton":3,"minecraft:white_wool":1,"minecraft:rail":5,"minecraft:cobblestone":256,"minecraft:feather":6,"minecraft:water_bucket":1,"minecraft:andesite":4,"minecraft:leather":3,"minecraft:potato":1,"minecraft:flint":1,"minecraft:oak_log":13,"minecraft:gunpowder":2,"minecraft:dirt":71,"minecraft:bone":12,"minecraft:bow":2,"minecraft:wheat_seeds":1,"alexsmobs:cockroach_wing_fragment":2,"minecraft:iron_ingot":4,"minecraft:iron_ore":114,"minecraft:oak_planks":83,"minecraft:warped_fungus":1,"minecraft:cooked_porkchop":5,"minecraft:quartz":21,"minecraft:gold_ore":4,"minecraft:diamond":9,"minecraft:granite":44,"minecraft:gray_wool":1,"minecraft:emerald":3,"minecraft:oak_sapling":1,"minecraft:netherrack":411,"minecraft:coal":121},"minecraft:broken":{"minecraft:iron_pickaxe":3},"minecraft:killed":{"minecraft:spider":1,"minecraft:horse":1,"minecraft:skeleton":9,"minecraft:chicken":4,"alexsmobs:centipede_head":1,"minecraft:pig":7,"minecraft:iron_golem":1,"alexsmobs:crimson_mosquito":2,"alexsmobs:warped_toad":1,"minecraft:sheep":2,"minecraft:zombie":21,"minecraft:donkey":1,"alexsmobs:cockroach":2,"minecraft:enderman":2},"minecraft:crafted":{"minecraft:oak_planks":52,"minecraft:stone_shovel":1,"minecraft:cooked_chicken":4,"minecraft:furnace":5,"minecraft:cooked_mutton":3,"minecraft:flint_and_steel":1,"minecraft:iron_boots":1,"minecraft:iron_axe":1,"minecraft:stone_pickaxe":1,"minecraft:chest":1,"minecraft:diamond_sword":1,"minecraft:cooked_porkchop":6,"minecraft:crafting_table":5,"minecraft:wooden_pickaxe":1,"minecraft:iron_helmet":1,"minecraft:iron_sword":1,"minecraft:bucket":5,"minecraft:air":0,"minecraft:iron_chestplate":1,"minecraft:diamond_pickaxe":1,"minecraft:shield":1,"minecraft:stick":36,"minecraft:iron_ingot":88,"minecraft:iron_pickaxe":4,"minecraft:stone_sword":1,"minecraft:iron_leggings":1,"minecraft:torch":60}},"DataVersion":2586}