{"stats":{"minecraft:killed_by":{"minecraft:skeleton":1},"minecraft:broken":{"minecraft:iron_pickaxe":3},"minecraft:mined":{"minecraft:diamond_ore":9,"minecraft:dark_oak_log":7,"minecraft:granite":53,"minecraft:grass_block":22,"minecraft:redstone_ore":1,"minecraft:furnace":2,"minecraft:carrots":4,"minecraft:iron_ore":96,"dead_guys_untitled_deep_dark_:cold_deep_stone":10,"minecraft:andesite":4,"minecraft:azure_bluet":2,"dead_guys_untitled_deep_dark_:generate_dead_sculk_veins":1,"minecraft:stone":262,"minecraft:crimson_nylium":2,"minecraft:crafting_table":9,"minecraft:emerald_ore":3,"minecraft:nether_quartz_ore":21,"minecraft:tall_grass":3,"minecraft:cobblestone":20,"minecraft:diorite":6,"minecraft:warped_nylium":17,"dead_guys_untitled_deep_dark_:deep_flower":1,"minecraft:warped_fungus":1,"minecraft:grass":13,"minecraft:oak_log":18,"minecraft:coal_ore":112,"minecraft:gravel":7,"minecraft:sand":11,"minecraft:dirt":53,"minecraft:cobweb":4,"minecraft:cracked_stone_bricks":1,"minecraft:netherrack":499,"minecraft:mossy_stone_bricks":1,"minecraft:gold_ore":4},"minecraft:picked_up":{"minecraft:crafting_table":9,"minecraft:azure_bluet":2,"minecraft:chicken":4,"minecraft:wooden_pickaxe":1,"dead_guys_untitled_deep_dark_:dahlia_petal":1,"minecraft:string":2,"minecraft:cracked_stone_bricks":1,"alexsmobs:blood_sac":2,"minecraft:bucket":1,"minecraft:furnace":2,"minecraft:egg":2,"dead_guys_untitled_deep_dark_:cold_deep_stone":5,"minecraft:porkchop":13,"minecraft:diorite":5,"minecraft:carrot":13,"minecraft:redstone":4,"alexsmobs:centipede_leg":1,"minecraft:dark_oak_planks":12,"minecraft:arrow":12,"minecraft:rotten_flesh":23,"minecraft:mutton":7,"minecraft:cod":1,"exoticbirds:raw_birdmeat":10,"minecraft:rail":5,"minecraft:white_wool":4,"minecraft:cobblestone":256,"minecraft:feather":14,"minecraft:water_bucket":1,"minecraft:andesite":4,"minecraft:leather":3,"minecraft:dark_oak_boat":4,"minecraft:potato":1,"minecraft:flint":2,"minecraft:oak_log":18,"minecraft:gunpowder":2,"minecraft:dirt":77,"minecraft:bone":12,"minecraft:bow":2,"minecraft:wheat_seeds":1,"alexsmobs:cockroach_wing_fragment":2,"minecraft:iron_ingot":4,"minecraft:iron_ore":114,"minecraft:mossy_stone_bricks":1,"minecraft:oak_planks":83,"minecraft:warped_fungus":1,"minecraft:cooked_porkchop":5,"minecraft:quartz":21,"minecraft:gravel":4,"minecraft:sand":4,"minecraft:ink_sac":6,"minecraft:gold_ore":4,"minecraft:dark_oak_log":7,"minecraft:diamond":9,"minecraft:granite":44,"minecraft:gray_wool":1,"minecraft:emerald":3,"minecraft:oak_sapling":4,"minecraft:netherrack":411,"minecraft:coal":121},"minecraft:crafted":{"minecraft:oak_planks":72,"minecraft:stone_shovel":2,"minecraft:dark_oak_boat":1,"minecraft:cooked_chicken":4,"minecraft:furnace":5,"minecraft:cooked_mutton":3,"minecraft:flint_and_steel":1,"minecraft:iron_boots":1,"minecraft:iron_axe":1,"minecraft:stone_pickaxe":1,"minecraft:chest":1,"minecraft:dark_oak_planks":28,"minecraft:diamond_sword":1,"minecraft:cooked_porkchop":6,"minecraft:crafting_table":7,"minecraft:wooden_pickaxe":1,"minecraft:iron_helmet":1,"minecraft:iron_sword":1,"minecraft:bucket":5,"minecraft:air":0,"minecraft:iron_chestplate":1,"minecraft:diamond_pickaxe":1,"minecraft:shield":1,"minecraft:stick":48,"minecraft:iron_ingot":88,"minecraft:iron_pickaxe":4,"minecraft:stone_sword":1,"minecraft:iron_leggings":1,"minecraft:torch":60},"minecraft:killed":{"minecraft:spider":1,"minecraft:horse":1,"minecraft:skeleton":9,"exoticbirds:heron":5,"minecraft:chicken":4,"alexsmobs:centipede_head":1,"minecraft:pig":7,"minecraft:zombie_villager":1,"minecraft:iron_golem":1,"alexsmobs:crimson_mosquito":2,"alexsmobs:warped_toad":1,"minecraft:sheep":5,"minecraft:zombie":24,"minecraft:donkey":1,"alexsmobs:cockroach":2,"minecraft:enderman":2},"minecraft:used":{"minecraft:stone_sword":34,"minecraft:stone_shovel":53,"minecraft:chest":1,"minecraft:shield":18,"minecraft:iron_sword":206,"minecraft:cooked_chicken":4,"minecraft:rotten_flesh":12,"minecraft:netherrack":363,"minecraft:torch":33,"minecraft:dirt":67,"minecraft:mutton":2,"minecraft:carrot":10,"minecraft:granite":1,"minecraft:iron_axe":20,"minecraft:dark_oak_boat":4,"minecraft:furnace":7,"minecraft:egg":2,"minecraft:potato":1,"minecraft:cooked_mutton":3,"minecraft:water_bucket":1,"minecraft:diorite":3,"minecraft:stone_pickaxe":38,"minecraft:wooden_pickaxe":12,"minecraft:crafting_table":15,"minecraft:cod":1,"minecraft:diamond_pickaxe":126,"minecraft:iron_pickaxe":950,"minecraft:diamond_sword":65,"minecraft:cobblestone":72,"minecraft:cooked_porkchop":11,"minecraft:bucket":6,"alexsmobs:animal_dictionary":1},"minecraft:custom":{"minecraft:mob_kills":65,"minecraft:animals_bred":2,"minecraft:interact_with_crafting_table":43,"minecraft:leave_game":2,"minecraft:time_since_death":15965,"minecraft:climb_one_cm":2446,"minecraft:sprint_one_cm":320141,"minecraft:walk_one_cm":225454,"minecraft:drop":25,"minecraft:deaths":2,"minecraft:sneak_time":7641,"minecraft:walk_under_water_one_cm":3119,"minecraft:boat_one_cm":173939,"minecraft:jump":1713,"minecraft:walk_on_water_one_cm":21089,"minecraft:interact_with_furnace":54,"minecraft:play_one_minute":120499,"minecraft:time_since_rest":16000,"minecraft:damage_taken":2106,"minecraft:damage_dealt":11217,"minecraft:swim_one_cm":6795,"minecraft:fly_one_cm":275140,"minecraft:open_chest":22,"minecraft:crouch_one_cm":29555,"minecraft:fall_one_cm":41322},"minecraft:dropped":{"minecraft:water_bucket":1,"minecraft:wheat_seeds":1,"minecraft:lapis_lazuli":6,"minecraft:warped_fungus":1,"dead_guys_untitled_deep_dark_:cold_deep_stone":5,"minecraft:feather":6,"minecraft:cobblestone":115,"minecraft:leather":3,"minecraft:granite":5,"minecraft:rail":5,"minecraft:lava_bucket":1,"minecraft:dirt":4,"minecraft:string":2,"minecraft:white_wool":1,"minecraft:redstone":4,"alexsmobs:animal_dictionary":1,"minecraft:rotten_flesh":11,"minecraft:azure_bluet":2,"alexsmobs:cockroach_wing_fragment":2,"minecraft:andesite":3,"minecraft:bow":1}},"DataVersion":2586}