{"stats":{"minecraft:custom":{"minecraft:interact_with_furnace":18,"minecraft:mob_kills":23,"minecraft:animals_bred":2,"minecraft:interact_with_crafting_table":15,"minecraft:play_one_minute":28158,"minecraft:leave_game":1,"minecraft:time_since_death":5690,"minecraft:climb_one_cm":2180,"minecraft:time_since_rest":5717,"minecraft:sprint_one_cm":69630,"minecraft:damage_taken":510,"minecraft:walk_one_cm":57358,"minecraft:drop":2,"minecraft:damage_dealt":3181,"minecraft:swim_one_cm":289,"minecraft:fly_one_cm":100191,"minecraft:open_chest":3,"minecraft:crouch_one_cm":2853,"minecraft:deaths":1,"minecraft:sneak_time":1655,"minecraft:walk_under_water_one_cm":1150,"minecraft:boat_one_cm":61459,"minecraft:jump":477,"minecraft:walk_on_water_one_cm":2325,"minecraft:fall_one_cm":12612},"minecraft:mined":{"minecraft:crafting_table":1,"minecraft:granite":3,"minecraft:grass_block":18,"minecraft:tall_grass":2,"minecraft:cobblestone":12,"minecraft:diorite":3,"minecraft:furnace":1,"minecraft:carrots":4,"minecraft:iron_ore":18,"minecraft:azure_bluet":2,"minecraft:grass":11,"minecraft:coal_ore":31,"minecraft:oak_log":13,"minecraft:dirt":28,"minecraft:stone":91},"minecraft:used":{"minecraft:diorite":1,"minecraft:stone_sword":34,"minecraft:stone_pickaxe":38,"minecraft:stone_shovel":24,"minecraft:wooden_pickaxe":12,"minecraft:iron_sword":65,"minecraft:rotten_flesh":1,"minecraft:torch":5,"minecraft:dirt":31,"minecraft:crafting_table":5,"minecraft:carrot":7,"minecraft:iron_pickaxe":109,"minecraft:furnace":2,"minecraft:cooked_porkchop":3,"alexsmobs:animal_dictionary":1,"minecraft:egg":2,"minecraft:potato":1},"minecraft:dropped":{"alexsmobs:animal_dictionary":1,"minecraft:feather":6},"minecraft:killed_by":{"minecraft:skeleton":1},"minecraft:picked_up":{"minecraft:crafting_table":1,"minecraft:feather":6,"minecraft:azure_bluet":2,"minecraft:chicken":4,"minecraft:leather":3,"minecraft:wooden_pickaxe":1,"minecraft:potato":1,"minecraft:oak_log":13,"minecraft:dirt":57,"minecraft:wheat_seeds":1,"minecraft:iron_ingot":4,"minecraft:iron_ore":17,"minecraft:oak_planks":79,"minecraft:furnace":1,"minecraft:egg":2,"minecraft:porkchop":13,"minecraft:diorite":3,"minecraft:carrot":13,"minecraft:arrow":2,"minecraft:rotten_flesh":3,"minecraft:granite":3,"minecraft:gray_wool":1,"minecraft:oak_sapling":1,"minecraft:mutton":3,"minecraft:coal":37,"minecraft:white_wool":1,"minecraft:cobblestone":105},"minecraft:killed":{"minecraft:pig":7,"minecraft:spider":1,"minecraft:iron_golem":1,"minecraft:sheep":2,"minecraft:horse":1,"minecraft:skeleton":1,"minecraft:donkey":1,"minecraft:zombie":6,"minecraft:chicken":4},"minecraft:crafted":{"minecraft:oak_planks":52,"minecraft:stone_shovel":1,"minecraft:cooked_porkchop":3,"minecraft:crafting_table":4,"minecraft:wooden_pickaxe":1,"minecraft:iron_sword":1,"minecraft:furnace":1,"minecraft:air":0,"minecraft:shield":1,"minecraft:stick":32,"minecraft:iron_ingot":9,"minecraft:iron_pickaxe":2,"minecraft:stone_pickaxe":1,"minecraft:stone_sword":1,"minecraft:torch":60}},"DataVersion":2586}