{"stats":{"minecraft:custom":{"minecraft:time_since_rest":951,"minecraft:interact_with_furnace":12,"minecraft:sprint_one_cm":105818,"minecraft:damage_taken":660,"minecraft:walk_one_cm":80633,"minecraft:mob_kills":5,"minecraft:drop":7,"minecraft:damage_dealt":522,"minecraft:interact_with_crafting_table":1,"minecraft:swim_one_cm":1673,"minecraft:fly_one_cm":45648,"minecraft:open_chest":1,"minecraft:play_one_minute":32719,"minecraft:deaths":2,"minecraft:walk_under_water_one_cm":4648,"minecraft:boat_one_cm":27753,"minecraft:jump":298,"minecraft:leave_game":1,"minecraft:walk_on_water_one_cm":2046,"minecraft:time_since_death":861,"minecraft:fall_one_cm":8619},"minecraft:picked_up":{"minecraft:birch_log":4,"exoticbirds:pigeon_egg":1,"minecraft:porkchop":5,"minecraft:sand":9,"minecraft:oak_log":5,"minecraft:diorite":1,"farmersdelight:skillet":1,"additionalguns:casing_small":96,"minecraft:dirt":17,"additionalguns:magnum":1,"alexsmobs:guster_eye":2,"minecraft:wheat_seeds":4,"minecraft:oak_boat":1,"minecraft:emerald":2,"minecraft:oak_sapling":1,"minecraft:oak_planks":9,"minecraft:coal":64,"exoticbirds:raw_birdmeat":3,"minecraft:cobblestone":32},"minecraft:mined":{"minecraft:birch_log":4,"minecraft:birch_leaves":2,"minecraft:grass":28,"minecraft:oak_log":4,"minecraft:sand":9,"minecraft:oak_planks":9,"minecraft:oak_leaves":3},"minecraft:dropped":{"minecraft:diorite":1,"additionalguns:casing_small":64,"alexsmobs:guster_eye":2,"minecraft:coal":64,"additionalguns:magnum":1,"minecraft:emerald":2},"minecraft:crafted":{"minecraft:glass":5,"minecraft:cooked_porkchop":2,"minecraft:furnace":1},"minecraft:used":{"minecraft:glass":5,"farmersdelight:skillet":35,"minecraft:dirt":5,"minecraft:cobblestone":24,"minecraft:furnace":1,"minecraft:cooked_porkchop":2,"alexsmobs:animal_dictionary":1},"minecraft:killed_by":{"minecraft:skeleton":1},"minecraft:killed":{"minecraft:pig":3,"exoticbirds:pigeon":2}},"DataVersion":2586}