{"stats":{"minecraft:broken":{"minecraft:stone_pickaxe":1,"minecraft:wooden_pickaxe":1},"minecraft:mined":{"minecraft:white_bed":1,"minecraft:furnace":1,"minecraft:iron_ore":14,"minecraft:andesite":8,"minecraft:crafting_table":5,"minecraft:granite":4,"minecraft:grass":5,"minecraft:oak_log":37,"minecraft:coal_ore":79,"minecraft:cobblestone":26,"minecraft:stone":75,"minecraft:oak_planks":1,"minecraft:diorite":9,"minecraft:wall_torch":1},"minecraft:picked_up":{"minecraft:crafting_table":5,"minecraft:feather":4,"minecraft:chicken":2,"minecraft:oak_door":1,"minecraft:andesite":8,"minecraft:torch":1,"minecraft:oak_log":37,"minecraft:diorite":9,"minecraft:white_bed":1,"minecraft:string":1,"minecraft:arrow":2,"minecraft:rotten_flesh":7,"minecraft:granite":4,"minecraft:iron_ore":14,"minecraft:oak_planks":1,"minecraft:mutton":15,"minecraft:coal":104,"minecraft:white_wool":9,"minecraft:cobblestone":99,"minecraft:furnace":1},"minecraft:crafted":{"minecraft:oak_planks":148,"minecraft:stick":72,"minecraft:iron_ingot":8,"minecraft:wooden_pickaxe":1,"minecraft:stone_pickaxe":2,"minecraft:stone_sword":1,"minecraft:furnace":1,"minecraft:white_bed":1,"minecraft:torch":52,"minecraft:air":0,"minecraft:cooked_mutton":11},"minecraft:killed":{"minecraft:sheep":9,"minecraft:husk":7,"minecraft:chicken":2,"minecraft:spider":1},"minecraft:used":{"minecraft:cooked_mutton":4,"minecraft:diorite":9,"minecraft:stone_sword":58,"minecraft:chicken":1,"minecraft:stone_pickaxe":158,"minecraft:oak_planks":30,"minecraft:wooden_pickaxe":59,"minecraft:torch":11,"minecraft:cobblestone":20,"minecraft:crafting_table":4,"minecraft:furnace":2,"minecraft:andesite":8,"minecraft:white_bed":1,"minecraft:granite":4},"minecraft:custom":{"minecraft:time_since_rest":19835,"minecraft:interact_with_furnace":6,"minecraft:sprint_one_cm":46383,"minecraft:damage_taken":185,"minecraft:walk_one_cm":64821,"minecraft:mob_kills":20,"minecraft:damage_dealt":2263,"minecraft:swim_one_cm":778,"minecraft:interact_with_crafting_table":6,"minecraft:fly_one_cm":46074,"minecraft:crouch_one_cm":4019,"minecraft:play_one_minute":28061,"minecraft:sneak_time":1413,"minecraft:walk_under_water_one_cm":77,"minecraft:jump":262,"minecraft:time_since_death":28061,"minecraft:walk_on_water_one_cm":176,"minecraft:sleep_in_bed":1,"minecraft:fall_one_cm":7088}},"DataVersion":2586}