{"stats":{"minecraft:broken":{"minecraft:stone_pickaxe":2,"minecraft:wooden_pickaxe":1},"minecraft:mined":{"minecraft:diamond_ore":4,"minecraft:white_bed":1,"minecraft:crafting_table":7,"minecraft:torch":1,"minecraft:granite":6,"minecraft:cobblestone":26,"minecraft:lapis_ore":8,"minecraft:oak_planks":1,"minecraft:diorite":19,"minecraft:wall_torch":1,"minecraft:furnace":4,"minecraft:iron_ore":106,"minecraft:andesite":15,"minecraft:grass":5,"minecraft:coal_ore":102,"minecraft:oak_log":37,"minecraft:stone":134,"minecraft:gold_ore":43},"minecraft:picked_up":{"minecraft:crafting_table":7,"minecraft:feather":4,"minecraft:chicken":2,"minecraft:andesite":15,"minecraft:oak_log":37,"minecraft:lapis_lazuli":55,"minecraft:string":1,"minecraft:bone":1,"minecraft:iron_ingot":1,"minecraft:iron_ore":134,"minecraft:oak_planks":1,"minecraft:furnace":4,"minecraft:oak_door":1,"minecraft:torch":2,"minecraft:diorite":18,"minecraft:white_bed":1,"minecraft:gold_ore":53,"minecraft:arrow":4,"minecraft:rotten_flesh":9,"minecraft:diamond":4,"minecraft:granite":6,"minecraft:mutton":15,"minecraft:coal":244,"minecraft:white_wool":9,"minecraft:cobblestone":152},"minecraft:crafted":{"minecraft:oak_planks":148,"minecraft:wooden_pickaxe":1,"minecraft:iron_helmet":1,"minecraft:iron_sword":1,"minecraft:furnace":2,"minecraft:bucket":2,"minecraft:cooked_mutton":11,"minecraft:air":0,"minecraft:iron_chestplate":1,"minecraft:iron_boots":1,"minecraft:shield":1,"minecraft:stick":72,"minecraft:iron_ingot":40,"minecraft:iron_pickaxe":1,"minecraft:stone_pickaxe":2,"minecraft:stone_sword":1,"minecraft:gold_ingot":19,"minecraft:iron_leggings":1,"minecraft:white_bed":1,"minecraft:torch":52},"minecraft:killed":{"minecraft:husk":7,"minecraft:spider":1,"minecraft:sheep":9,"minecraft:skeleton":4,"minecraft:zombie":2,"minecraft:chicken":2},"minecraft:used":{"minecraft:cooked_mutton":10,"minecraft:water_bucket":4,"minecraft:diorite":9,"minecraft:stone_sword":76,"minecraft:stone_pickaxe":262,"minecraft:oak_planks":55,"minecraft:shield":3,"minecraft:wooden_pickaxe":59,"minecraft:iron_sword":13,"minecraft:torch":54,"minecraft:crafting_table":6,"minecraft:white_bed":1,"minecraft:granite":4,"minecraft:chicken":1,"minecraft:iron_pickaxe":148,"minecraft:cobblestone":97,"minecraft:furnace":6,"minecraft:bucket":6,"minecraft:andesite":8},"minecraft:custom":{"minecraft:interact_with_furnace":35,"minecraft:mob_kills":26,"minecraft:interact_with_crafting_table":18,"minecraft:play_one_minute":70061,"minecraft:time_since_death":70061,"minecraft:sleep_in_bed":1,"minecraft:time_since_rest":61835,"minecraft:sprint_one_cm":71767,"minecraft:damage_taken":684,"minecraft:walk_one_cm":134893,"minecraft:drop":6,"minecraft:damage_dealt":3838,"minecraft:swim_one_cm":778,"minecraft:fly_one_cm":57257,"minecraft:crouch_one_cm":11043,"minecraft:sneak_time":3326,"minecraft:walk_under_water_one_cm":200,"minecraft:jump":496,"minecraft:walk_on_water_one_cm":12980,"minecraft:fall_one_cm":9213},"minecraft:dropped":{"minecraft:oak_door":1,"minecraft:stone_sword":1,"minecraft:granite":2,"minecraft:diorite":9,"minecraft:andesite":7,"minecraft:string":1}},"DataVersion":2586}